0,1,2,3,4,id
148733.17,213352.27,191969.1,153294.3,186406.17,1461.0
154158.62,164443.16,847522.56,166534.42,153477.05,1462.0
176107.77,290289.12,315523.97,204779.89,246679.23,1463.0
173372.55,282606.34,283990.22,212994.1,228571.08,1464.0
156985.11,202512.47,240333.25,210371.02,206973.48,1465.0
164127.06,251312.45,266440.25,200041.98,217068.06,1466.0
153055.73,209550.17,251003.02,200357.55,209088.48,1467.0
150372.48,230318.88,244889.05,187713.2,197231.42,1468.0
162765.16,269243.5,258444.06,206731.03,218222.81,1469.0
135573.1,185465.73,181081.05,144857.98,167849.12,1470.0
174244.92,220883.97,268643.75,230668.64,220014.92,1471.0
102571.06,143379.81,145378.95,108403.67,138901.94,1472.0
105505.195,150626.4,159273.77,116152.96,148301.12,1473.0
129847.38,176578.88,205420.83,158938.78,181540.45,1474.0
103299.27,143529.62,138343.42,114700.79,135405.4,1475.0
277296.6,388272.56,283759.3,264762.12,266014.25,1476.0
218001.33,341752.56,339332.28,243696.94,264666.94,1477.0
234946.31,360122.5,357207.2,267262.03,276193.34,1478.0
235693.86,360276.34,282983.9,231283.67,277849.38,1479.0
446261.03,473840.5,389921.7,361463.3,511082.28,1480.0
290630.47,398175.06,311854.84,227563.16,361618.94,1481.0
168934.94,218232.31,269673.56,223837.45,222440.98,1482.0
178308.39,255152.38,235560.08,199190.02,198852.23,1483.0
135886.4,187159.25,223180.1,174691.3,188536.73,1484.0
150526.05,220633.06,234885.98,158120.89,178971.9,1485.0
168451.75,264187.66,277124.4,209863.83,219920.83,1486.0
331361.16,414402.44,339970.84,324205.28,394534.1,1487.0
211302.44,330170.8,324503.22,270030.78,258598.86,1488.0
169634.86,275778.3,273503.03,221299.81,223632.48,1489.0
190285.3,326266.75,314143.1,242942.62,292685.06,1490.0
173716.9,275956.25,296960.06,208631.23,231705.67,1491.0
131710.33,156000.33,135583.23,128679.99,140078.33,1492.0
169124.0,240914.4,223976.92,192859.42,198245.33,1493.0
241731.67,370793.44,358438.72,241173.97,350276.66,1494.0
256445.94,368525.44,374722.6,272180.47,351517.53,1495.0
181332.42,228511.56,284999.16,246303.89,227213.98,1496.0
163634.11,202101.16,254227.28,173259.47,211031.11,1497.0
122990.64,180385.06,212999.53,157609.27,180139.48,1498.0
118326.4,176172.0,207845.81,150728.52,176061.28,1499.0
123230.81,180839.4,215905.06,159255.61,182034.19,1500.0
151302.86,202814.4,252374.8,191540.58,209477.73,1501.0
112284.98,168564.0,193852.48,140164.2,165655.23,1502.0
237974.45,365419.44,355334.4,260031.45,269436.72,1503.0
200023.72,234370.12,305647.47,251488.58,280558.53,1504.0
199597.0,240443.48,304840.03,253941.98,249028.45,1505.0
208053.45,315973.94,318254.97,239250.48,253176.84,1506.0
259602.42,369505.56,379450.72,275214.25,357636.34,1507.0
219279.98,316166.75,274276.53,252318.95,282955.34,1508.0
154852.88,230030.05,237468.61,179375.27,199994.61,1509.0
161388.92,250022.62,235971.61,199650.22,213300.4,1510.0
151237.25,230872.34,213234.73,165237.56,197270.83,1511.0
183472.22,295981.53,274674.56,228798.11,237341.9,1512.0
156212.38,221133.1,227082.45,166104.45,196826.9,1513.0
171856.64,293263.44,217632.98,205544.02,223474.23,1514.0
188281.48,316679.3,317735.84,226706.28,240887.89,1515.0
169870.48,212030.12,205161.8,175602.83,189293.05,1516.0
153642.23,213260.31,225728.73,166606.92,180846.45,1517.0
175944.5,212899.52,245722.88,215521.42,220877.69,1518.0
202339.05,248843.06,313576.47,264439.44,224947.33,1519.0
138768.17,185267.28,186529.42,150239.78,167995.8,1520.0
150209.1,217806.67,198623.8,158888.25,183881.92,1521.0
166197.69,266828.8,248996.11,208106.77,220414.92,1522.0
135228.75,175234.83,173660.67,140240.34,159407.98,1523.0
137103.92,170773.4,151611.81,137547.38,147900.06,1524.0
137095.05,171240.33,150683.33,136628.61,152332.86,1525.0
146517.94,181389.55,167029.95,145126.36,154925.27,1526.0
126756.445,172169.2,159568.02,131929.1,150925.72,1527.0
138470.45,184388.03,198718.36,149364.14,171095.39,1528.0
141307.42,190014.88,203693.9,162940.95,178915.05,1529.0
170813.11,279885.97,266783.66,213271.8,235038.98,1530.0
136964.72,170078.66,174780.58,151411.67,170204.19,1531.0
107798.05,136858.36,119256.6,109232.07,122063.875,1532.0
139402.89,194029.81,220858.45,184620.47,186886.95,1533.0
127720.65,164982.17,169079.45,133670.94,147984.14,1534.0
159952.42,235660.53,247689.62,173784.16,201879.3,1535.0
132092.98,165395.38,149849.77,132658.16,153537.14,1536.0
130817.945,162294.22,137945.02,127353.75,146053.62,1537.0
150847.3,197993.67,197117.23,153471.58,188379.23,1538.0
167434.39,255990.05,256632.16,199313.61,225185.86,1539.0
153446.05,214617.5,208424.02,166392.02,188666.55,1540.0
156692.45,226664.34,222100.69,169648.58,198838.3,1541.0
144373.5,190978.6,227225.03,178146.67,189930.08,1542.0
167068.16,206794.58,248933.83,201281.5,210815.67,1543.0
104724.164,126422.1,109458.836,104400.72,114674.52,1544.0
116139.805,144714.62,133641.14,114008.76,132572.77,1545.0
125714.96,166397.53,162659.39,128154.22,158547.03,1546.0
133278.9,172100.5,179565.88,144773.42,165541.4,1547.0
132559.58,170800.78,180636.98,139793.34,166618.86,1548.0
128558.39,173222.75,173647.39,133447.2,168066.45,1549.0
144584.86,180389.94,193870.39,155189.11,179506.34,1550.0
127314.195,161694.66,142021.34,129118.31,148510.8,1551.0
159240.3,211072.89,204032.86,166606.84,201555.5,1552.0
153250.38,201578.67,222636.73,158645.52,176183.53,1553.0
108988.8,139788.1,142121.86,112370.9,134806.89,1554.0
180623.36,273732.47,232868.3,212095.55,221464.44,1555.0
127267.945,145713.45,134113.95,124544.44,136344.61,1556.0
142972.3,187577.75,161344.83,144626.53,161777.62,1557.0
111591.914,140044.25,123576.086,111476.19,124800.07,1558.0
129537.27,161467.47,163023.42,131252.62,149582.4,1559.0
153922.52,188284.16,201413.52,162797.9,192171.39,1560.0
168341.77,274781.06,284890.53,205815.73,222464.3,1561.0
125983.39,174926.64,178883.67,137714.58,150077.45,1562.0
128034.23,170437.9,158670.94,132246.8,145176.12,1563.0
166758.23,218214.2,255160.88,215720.95,214058.89,1564.0
154534.05,222110.69,233256.38,165691.75,197638.92,1565.0
207643.98,326485.5,278744.97,242086.84,275335.34,1566.0
121931.48,149100.11,126911.76,118221.33,131902.81,1567.0
237492.08,345906.84,291873.53,266849.53,322000.28,1568.0
175620.77,213790.31,218037.94,182454.62,192655.95,1569.0
137637.02,180664.48,178618.36,139085.03,152189.55,1570.0
127863.56,153202.3,139888.39,125847.89,138749.25,1571.0
149695.92,230175.28,215395.33,167394.2,192748.8,1572.0
195923.14,333047.28,276295.56,250752.23,287360.0,1573.0
160222.11,228003.23,223749.92,183735.5,197049.67,1574.0
204421.33,331346.78,326474.66,235514.62,313309.88,1575.0
244361.33,356224.7,360201.56,258770.23,337794.97,1576.0
162065.48,211641.9,258386.14,214661.45,214375.86,1577.0
157913.02,202918.81,208656.52,160486.7,174621.5,1578.0
146934.86,235088.69,220460.86,157992.17,191934.58,1579.0
169939.58,269281.12,278645.94,209419.36,221173.7,1580.0
155418.05,197778.75,215731.23,159526.3,167485.8,1581.0
128146.43,175357.92,169378.39,137258.14,156225.48,1582.0
289332.6,388013.2,385273.6,299304.6,381000.25,1583.0
206143.31,317358.88,319752.22,248721.86,255666.92,1584.0
121340.99,181208.4,192458.45,149462.55,173442.45,1585.0
93482.54,122499.09,107711.96,95746.91,103691.195,1586.0
115350.72,144961.89,126627.16,112122.55,125021.99,1587.0
148754.38,219548.97,202139.83,156570.55,188814.05,1588.0
144428.3,183271.8,170130.73,142462.17,164750.58,1589.0
130181.01,178652.05,184385.67,145468.52,163799.39,1590.0
113773.27,146385.31,135860.48,117304.05,123843.01,1591.0
128818.76,173190.67,184311.08,150576.27,166553.11,1592.0
125886.055,161121.12,139310.02,127659.8,142138.92,1593.0
137621.14,193940.12,226367.83,152210.98,174653.83,1594.0
146395.02,187915.1,192371.72,150652.11,174030.86,1595.0
197717.36,298372.12,310885.4,227669.19,262829.62,1596.0
216935.7,306388.06,261644.14,248367.81,274459.53,1597.0
173826.38,230079.44,227928.1,179225.8,194319.23,1598.0
129283.555,188739.52,207469.42,164674.36,188090.12,1599.0
143259.02,189355.12,220368.08,176626.52,192467.88,1600.0
101824.95,128034.63,111462.57,101437.375,114419.664,1601.0
141130.55,191816.11,177059.8,143395.61,174620.89,1602.0
117244.07,134658.88,120480.46,111226.28,125246.63,1603.0
190796.05,238917.78,301607.34,267071.28,240073.14,1604.0
209566.06,327477.53,335404.56,244616.11,295403.78,1605.0
160280.97,256923.56,242644.8,199409.94,212963.36,1606.0
237973.19,351852.0,266305.8,238597.44,274230.84,1607.0
175060.83,297037.06,304968.06,222618.28,235152.83,1608.0
155954.3,254451.1,255671.42,203289.0,207386.98,1609.0
141933.77,214820.25,230994.55,155830.17,180180.58,1610.0
161317.78,216195.11,192603.19,170521.14,174954.83,1611.0
173047.39,287481.8,284488.1,223844.58,228725.27,1612.0
175198.95,289537.66,297551.2,217903.7,232028.83,1613.0
112765.766,159006.25,161112.97,125181.91,156898.17,1614.0
94997.54,129652.86,134594.0,99871.16,120078.38,1615.0
93068.375,125878.43,128825.54,98198.836,109561.01,1616.0
101376.63,140965.56,145491.05,106275.11,135938.1,1617.0
123461.305,169819.69,167983.33,131897.33,148208.92,1618.0
146456.58,195641.45,201303.34,151364.77,166583.33,1619.0
209286.64,314371.1,324756.9,262337.44,259808.11,1620.0
149939.61,227139.16,230239.64,162864.11,194202.97,1621.0
148755.48,204138.5,204600.83,154597.55,184910.77,1622.0
187195.52,323938.7,326554.75,233787.3,288838.16,1623.0
225249.73,339727.56,352756.47,234898.83,313898.72,1624.0
144983.19,181497.6,161824.1,143890.8,157005.34,1625.0
174124.08,288824.8,269750.7,220526.61,233495.33,1626.0
172812.27,285328.44,284544.9,212612.02,237118.81,1627.0
233221.62,353942.3,370071.44,252834.2,335077.53,1628.0
140846.98,179342.28,236817.42,156622.52,183720.02,1629.0
285327.12,287115.22,394765.78,314493.6,369220.5,1630.0
173315.39,221849.52,274398.6,225428.44,227005.17,1631.0
192406.02,238622.88,300111.28,244912.34,246150.06,1632.0
139021.27,209964.6,219713.7,152338.36,178128.14,1633.0
165644.77,212498.34,270011.0,209453.14,195800.36,1634.0
151222.58,239027.56,249902.92,186368.55,216512.8,1635.0
143122.17,193423.66,221395.05,185613.67,189112.06,1636.0
215912.95,318444.38,335074.7,234561.98,297145.34,1637.0
200549.23,296900.12,318951.5,206182.05,223357.36,1638.0
177806.97,293770.2,297219.47,219699.58,235547.89,1639.0
230506.67,350566.3,353426.22,232925.69,319097.66,1640.0
164906.03,278126.16,275579.88,202286.1,220530.05,1641.0
184037.23,225144.6,293168.66,235609.22,268165.16,1642.0
193636.73,227513.95,296675.12,243198.19,237587.39,1643.0
181451.02,287687.84,298169.28,230832.36,223639.48,1644.0
193341.2,236168.6,299306.28,242712.42,303697.47,1645.0
152135.3,237691.03,219271.94,180738.94,198999.42,1646.0
155308.52,237085.56,223044.27,179265.02,197805.39,1647.0
144346.31,188613.38,200857.52,174653.0,183523.11,1648.0
137468.67,184495.38,184171.94,147722.61,170629.92,1649.0
131476.11,184196.94,182765.27,146360.03,170541.78,1650.0
137381.67,208156.16,192251.94,147363.8,175833.08,1651.0
99919.29,141499.92,142026.77,107032.8,136164.58,1652.0
97971.51,140304.78,143958.14,104447.266,131954.33,1653.0
129981.88,175372.16,206405.6,159799.3,181059.89,1654.0
114677.125,167481.75,182535.89,142350.84,162326.92,1655.0
127228.71,174444.47,202586.08,159104.83,179186.84,1656.0
130329.17,176394.83,208303.95,160777.86,181991.08,1657.0
129289.336,175406.81,204412.36,160967.36,179961.58,1658.0
107034.164,152023.58,148971.33,119562.84,146780.02,1659.0
151063.62,222281.9,232645.78,172577.23,193543.73,1660.0
350395.38,440393.56,358175.4,328344.25,456051.6,1661.0
313605.8,406680.9,385119.34,292983.4,411352.22,1662.0
313621.12,410552.06,313585.12,281192.56,391061.47,1663.0
405527.12,457787.88,375603.34,348543.53,491802.97,1664.0
244057.19,367106.75,364119.22,273759.12,279709.88,1665.0
304095.4,410068.8,329888.28,309476.44,389337.2,1666.0
343295.6,417935.53,349200.2,321828.1,425509.84,1667.0
259624.44,372658.22,370156.22,292949.75,268765.78,1668.0
207284.67,338612.38,333679.4,253190.02,259001.02,1669.0
273777.78,391273.25,286613.47,245005.45,344744.3,1670.0
252832.36,377404.38,347268.84,251552.39,341005.53,1671.0
389970.06,457924.12,375105.2,347651.4,483079.7,1672.0
249313.55,362586.62,349647.25,244589.2,323638.0,1673.0
221534.06,342680.3,341209.72,274825.62,266229.0,1674.0
174901.36,226334.03,277433.97,232863.78,225450.84,1675.0
175386.36,222623.1,270499.03,240009.34,223264.02,1676.0
170760.22,304233.75,288834.28,223192.4,237045.52,1677.0
422385.5,464484.75,380800.97,353553.4,504605.4,1678.0
330289.66,430378.03,352403.03,325496.12,419383.72,1679.0
229875.34,269282.44,349837.66,295721.78,272622.97,1680.0
188194.05,230415.28,290151.22,249914.77,238553.25,1681.0
275067.78,391477.44,317329.97,297317.97,354425.84,1682.0
164176.25,205257.84,253990.67,227457.2,212559.95,1683.0
154849.55,236899.16,252151.02,182511.11,203046.72,1684.0
151005.19,234974.25,251801.89,189375.77,198478.83,1685.0
135042.23,186920.16,224426.92,169434.58,188232.77,1686.0
138958.7,209189.67,222214.39,151608.86,174646.45,1687.0
166560.17,211742.78,272802.84,210516.92,216897.98,1688.0
166942.52,263851.4,276274.56,206125.17,223577.42,1689.0
154982.3,251771.5,261638.95,195660.56,224433.86,1690.0
145879.86,200079.75,241778.05,181812.86,195782.33,1691.0
208504.98,321945.28,349011.6,223432.9,294674.6,1692.0
138748.27,210822.19,223856.92,151674.36,176797.84,1693.0
153430.47,205362.75,256875.98,193215.95,223627.25,1694.0
132901.86,184123.7,214521.61,150866.2,171236.05,1695.0
269543.4,378904.8,315546.7,289138.97,357401.06,1696.0
133672.97,185113.19,215683.19,152198.77,172582.45,1697.0
315976.28,409525.16,283041.84,273754.8,410738.9,1698.0
237437.12,377794.2,377311.8,281022.4,344726.94,1699.0
208601.88,330455.53,329037.1,255730.34,321439.34,1700.0
241503.45,358094.38,369178.6,258930.7,335749.88,1701.0
240385.48,362014.5,363184.53,277066.03,276555.94,1702.0
212924.67,337139.88,342366.03,261600.02,260807.05,1703.0
242216.42,363044.9,359821.34,284809.97,324604.16,1704.0
180669.23,295572.38,291678.06,236386.58,238381.64,1705.0
363098.62,428314.06,337582.84,276272.62,455881.7,1706.0
177974.0,224605.97,285657.9,234058.25,229257.89,1707.0
185480.28,214630.73,291116.88,237994.92,235764.03,1708.0
236957.72,356222.9,351119.84,260846.61,273962.34,1709.0
192083.8,231309.31,293339.2,249007.95,239899.27,1710.0
206590.38,327396.06,328341.06,248811.67,302792.4,1711.0
213112.28,250702.92,332065.84,275176.78,261629.45,1712.0
228720.36,356863.22,354657.72,269815.16,288530.1,1713.0
192803.73,241668.56,310702.84,248057.22,248684.73,1714.0
174445.16,214743.44,282146.44,220162.05,248368.05,1715.0
164636.81,266753.06,266901.62,211627.03,218108.14,1716.0
147030.64,201181.53,236491.83,194532.33,198605.92,1717.0
130320.805,177024.11,195970.8,144066.77,159902.67,1718.0
178315.42,283944.25,296786.53,217827.36,236065.56,1719.0
199424.28,333078.16,333361.22,257439.12,253759.25,1720.0
164373.08,259364.81,274509.94,184792.86,211555.92,1721.0
143900.12,189157.78,204080.67,153905.97,154058.0,1722.0
159972.42,264727.3,258785.28,186716.86,212620.45,1723.0
197708.05,233564.69,297858.97,255067.3,242629.98,1724.0
206789.73,320472.3,338348.94,232791.48,296879.4,1725.0
166702.05,212839.7,270439.38,210346.0,239164.22,1726.0
162047.03,207893.47,247338.17,207970.56,210997.5,1727.0
152578.0,244388.36,261477.14,193766.92,195320.31,1728.0
153220.92,230703.12,236607.36,177431.27,199228.14,1729.0
140326.27,213202.61,223680.58,159683.3,183275.06,1730.0
133679.92,175328.69,179950.34,141505.17,155342.55,1731.0
144115.88,196401.1,201767.86,172528.98,191245.12,1732.0
134445.3,179124.66,163286.27,138019.55,159698.53,1733.0
138030.33,189002.45,172405.9,142761.42,163466.8,1734.0
127858.9,173099.06,167800.52,135887.56,147824.45,1735.0
120430.9,160421.53,153903.55,127098.58,135712.1,1736.0
324455.25,416347.56,341602.7,315035.16,408019.62,1737.0
192297.89,314063.62,332270.0,222119.69,277805.12,1738.0
225206.08,259492.88,333084.22,263146.6,384716.7,1739.0
199760.16,237163.66,306526.44,283633.9,245427.55,1740.0
166465.53,220047.72,264955.03,235599.36,223101.14,1741.0
140894.45,193920.05,238548.66,179460.61,198824.45,1742.0
137912.61,193516.03,233753.16,174284.61,196063.23,1743.0
265650.78,382146.94,304746.22,283658.28,352872.8,1744.0
196403.28,309177.94,259783.95,250130.0,253277.5,1745.0
169516.83,274050.25,276448.2,208139.64,232899.44,1746.0
205496.89,310916.44,330793.34,212664.92,273413.16,1747.0
220799.66,332556.5,346229.66,247344.78,304709.16,1748.0
160414.39,243772.23,243320.11,201144.36,209489.38,1749.0
147181.77,198651.77,209538.2,168896.17,190220.53,1750.0
222288.95,335438.47,263846.66,243491.61,303645.38,1751.0
122614.64,164354.55,151968.48,127060.83,140301.31,1752.0
169164.78,258978.81,253418.4,210778.08,217527.14,1753.0
203618.58,314055.12,307095.03,241492.58,296301.16,1754.0
177134.22,265977.5,229926.08,202954.98,216830.61,1755.0
129519.88,179240.16,177904.42,138410.0,163788.23,1756.0
124681.15,162339.47,144829.64,126943.984,138459.33,1757.0
158664.16,250480.81,230077.86,194459.2,211460.48,1758.0
169871.06,256081.53,263027.6,189877.45,209465.02,1759.0
165620.14,264667.1,260499.52,209921.45,224083.89,1760.0
162397.08,258461.69,237425.11,198727.33,215423.67,1761.0
170214.48,255691.06,260808.8,201195.7,250331.47,1762.0
160604.98,243429.38,239013.48,178180.98,200779.67,1763.0
134085.73,169594.52,158928.33,136888.67,150219.75,1764.0
176221.2,294313.1,282081.38,218779.73,240287.56,1765.0
178064.42,290555.72,268336.1,218302.3,229616.0,1766.0
215449.67,343283.97,265300.44,250697.23,319297.22,1767.0
144976.05,191580.66,190514.48,155236.8,182797.23,1768.0
158482.4,226456.58,227288.69,169016.55,195295.17,1769.0
137398.19,199230.03,180721.17,143458.4,165408.08,1770.0
139605.5,180384.2,177697.42,144836.95,169301.67,1771.0
151332.45,196668.64,216030.05,176067.58,192250.16,1772.0
145213.62,192817.12,197126.86,152524.72,175326.73,1773.0
208607.52,312522.7,305986.03,246189.89,251927.4,1774.0
133807.92,173201.9,161832.58,139150.73,157123.7,1775.0
144597.17,179109.62,161588.16,142159.97,155776.86,1776.0
121429.04,152856.34,130055.414,120840.75,132511.27,1777.0
131576.88,177701.97,178058.05,141186.75,153465.05,1778.0
124701.28,155405.05,138859.73,120092.82,134841.9,1779.0
152632.2,217833.19,220190.2,161980.78,191946.45,1780.0
143415.33,191021.44,173496.9,148656.05,167254.73,1781.0
112685.055,149532.22,134204.42,115237.09,131972.42,1782.0
156612.61,217824.28,217452.55,162712.98,198847.67,1783.0
114557.92,143459.03,128862.62,113588.24,128358.24,1784.0
137547.16,174535.14,155948.33,139789.16,152645.83,1785.0
147723.67,156695.9,157023.11,138912.8,164568.42,1786.0
146002.27,193944.4,225041.58,169779.83,193300.14,1787.0
87732.77,115888.164,99860.39,94054.836,101812.16,1788.0
132481.84,165561.19,140418.42,128087.33,144298.25,1789.0
119971.71,148014.22,127368.336,113673.45,128339.21,1790.0
257455.36,356791.6,361740.16,283946.1,330734.06,1791.0
160823.1,246374.9,231900.0,199303.95,211368.3,1792.0
146993.42,203146.08,184843.14,150069.77,175188.56,1793.0
134328.61,185598.34,195750.42,147686.12,171918.58,1794.0
143987.84,195761.03,176622.83,148673.73,168078.69,1795.0
117362.13,149183.31,133245.78,115623.7,127515.22,1796.0
159256.36,201412.06,217024.3,189656.98,205024.36,1797.0
128238.48,165591.12,156250.75,134335.23,148169.67,1798.0
114225.02,147154.12,126648.82,114620.19,128057.875,1799.0
123947.4,161427.1,149653.05,126464.53,135749.83,1800.0
155988.3,215272.5,222824.11,165381.08,194440.8,1801.0
139705.42,179221.47,177157.16,140882.88,175081.34,1802.0
164062.52,202944.64,242097.2,199198.39,201858.14,1803.0
140668.39,197207.75,203384.55,162003.95,184132.95,1804.0
133091.02,176485.47,170418.58,140398.27,156281.14,1805.0
120802.84,156889.42,167482.33,131720.45,152097.17,1806.0
161345.02,218708.95,210760.61,166468.98,192932.97,1807.0
146102.52,176578.56,170814.33,137444.95,148299.83,1808.0
126933.164,158622.19,160941.11,132048.39,141088.02,1809.0
139306.22,179071.9,191653.83,156015.08,178486.75,1810.0
126885.484,158050.66,152091.72,127269.2,138898.22,1811.0
131984.12,157404.81,146855.38,133402.27,144210.55,1812.0
128744.24,168836.83,178392.83,136634.44,163226.33,1813.0
115814.72,137236.12,120225.68,112387.32,124317.37,1814.0
83112.21,112118.32,95520.11,88034.375,98134.88,1815.0
113047.21,136053.4,120162.164,109907.086,123152.72,1816.0
152355.86,204068.81,194020.98,154547.17,189313.92,1817.0
168539.58,225247.3,217321.7,192639.86,204287.36,1818.0
115306.52,151932.62,158819.66,123649.95,146829.34,1819.0
90436.31,113931.87,98999.85,95435.48,102277.38,1820.0
113090.48,128625.445,117951.62,107990.33,123659.68,1821.0
151949.1,208197.81,207358.52,156189.17,191141.98,1822.0
97318.9,115848.26,103255.375,99000.81,101639.055,1823.0
134939.86,167131.12,160080.4,139395.62,155483.45,1824.0
123438.65,165136.16,175227.11,131590.2,157099.06,1825.0
116791.164,146110.88,127964.83,115904.33,131358.78,1826.0
118948.02,152016.38,139755.08,119735.56,130477.63,1827.0
139811.73,176951.16,192034.5,152730.89,174544.2,1828.0
165349.39,238996.2,209161.6,197319.33,212670.08,1829.0
161841.75,215924.58,205388.64,182787.73,202092.28,1830.0
148786.02,189725.4,201318.86,155015.05,172293.98,1831.0
135571.55,170386.83,201077.31,161922.53,180167.48,1832.0
140618.28,178184.39,187621.0,149756.19,174693.33,1833.0
122967.26,159024.86,162273.7,125983.5,150429.12,1834.0
143322.23,186865.73,213275.77,159309.2,188639.58,1835.0
143018.22,176239.88,185337.3,150307.7,178641.92,1836.0
109354.695,139595.19,121294.51,110461.805,125298.71,1837.0
137353.14,164459.1,153553.2,137828.14,153003.33,1838.0
95058.55,128451.15,112815.96,102031.72,109966.086,1839.0
145674.52,214134.16,203062.69,153670.19,171699.64,1840.0
146612.2,217151.66,200203.19,154158.9,178972.14,1841.0
124558.86,148647.64,133337.86,119284.96,133485.06,1842.0
160228.97,244986.47,225900.89,187117.28,209140.58,1843.0
125039.01,172612.11,164174.11,131245.92,143695.58,1844.0
160320.4,192894.86,189020.11,160701.42,173155.86,1845.0
163299.36,224955.19,196038.52,174147.88,186133.72,1846.0
173021.36,242052.84,220567.94,192687.67,187262.08,1847.0
89317.42,109535.26,97683.234,93471.195,94732.88,1848.0
138447.33,167074.0,156952.08,132991.94,137153.56,1849.0
138181.17,179796.5,165145.42,140878.9,158451.53,1850.0
145829.02,193984.84,196729.31,150359.47,172861.02,1851.0
134495.48,172976.25,165662.22,141098.22,160822.08,1852.0
122350.96,177041.88,193731.11,148507.02,169424.52,1853.0
148816.95,230988.06,225718.83,166325.42,192261.17,1854.0
163277.77,200086.84,200942.17,162485.73,162252.83,1855.0
187466.11,303919.75,312183.16,224286.1,243993.67,1856.0
184248.36,215877.56,217824.83,181696.05,176883.19,1857.0
149345.94,199200.62,241879.73,173424.48,199112.23,1858.0
117878.93,159619.28,159723.0,121608.32,129639.63,1859.0
159332.2,212295.62,239091.06,206700.17,206898.23,1860.0
117346.62,158915.88,158499.58,120935.516,129092.586,1861.0
295649.4,393880.66,391557.22,284881.03,389187.47,1862.0
268723.9,360309.5,379512.34,305447.78,373525.97,1863.0
268994.06,362359.1,379802.97,305427.03,373674.16,1864.0
260978.08,375676.38,368336.1,291628.88,294980.47,1865.0
259319.31,373959.12,369498.9,286979.12,319028.78,1866.0
209619.89,323538.25,316966.84,262790.53,254441.42,1867.0
254772.11,376234.56,372371.97,272527.28,343502.03,1868.0
173860.53,223099.03,273696.16,232321.78,222836.23,1869.0
187598.92,315821.7,298145.75,241521.86,247007.45,1870.0
212300.6,330522.75,337560.06,247440.8,257800.86,1871.0
156976.2,239382.36,254272.05,180171.33,204710.61,1872.0
242696.38,346557.06,286940.7,270592.06,318711.84,1873.0
143203.89,225669.28,215877.73,159380.73,188968.7,1874.0
183657.05,312861.9,244495.39,218750.86,242678.05,1875.0
181457.05,288356.38,294385.97,225193.5,266396.75,1876.0
181189.17,315729.8,302953.25,230061.27,242300.19,1877.0
192277.17,310763.84,318182.7,234130.11,248453.38,1878.0
153335.97,189559.6,179116.16,151145.19,160485.23,1879.0
127912.02,178351.19,179199.7,141446.55,160744.58,1880.0
267597.72,380103.44,368347.4,289593.53,332466.1,1881.0
225253.33,338708.88,361005.6,238703.95,288443.97,1882.0
172132.55,268630.28,279501.03,213179.6,223690.56,1883.0
191856.58,301778.8,318402.53,225511.64,248880.11,1884.0
199557.92,333526.8,269247.62,248578.81,284839.22,1885.0
241079.11,371099.7,347380.56,244068.58,322319.72,1886.0
177098.39,231877.9,285066.22,231820.66,232562.69,1887.0
224238.02,355230.1,347194.47,274990.56,340933.7,1888.0
154152.89,235524.52,251937.92,178502.23,202858.39,1889.0
153787.89,224293.55,212239.48,167526.47,194698.39,1890.0
116516.76,176692.44,191542.16,142236.83,169231.8,1891.0
117650.695,155125.27,142944.33,119875.04,133825.42,1892.0
150069.94,178654.98,179889.86,154048.17,161905.98,1893.0
158115.97,230854.03,241801.83,180465.61,192086.98,1894.0
157206.98,224432.2,221174.3,167891.8,187294.36,1895.0
133552.27,169776.06,163083.7,134355.11,150122.52,1896.0
128569.32,165433.45,159039.73,132226.8,155953.64,1897.0
121335.96,151622.92,147490.61,121408.89,140301.14,1898.0
131816.33,170396.28,153251.86,133219.44,146770.11,1899.0
126400.19,160289.4,159161.52,127048.64,149186.88,1900.0
161414.77,217794.0,232069.02,166606.98,197014.06,1901.0
167515.42,240236.66,206402.86,181102.34,200699.05,1902.0
178620.61,262897.94,256519.89,211123.52,231902.05,1903.0
137342.88,187886.62,180658.89,144714.98,162480.16,1904.0
175525.58,268976.5,280902.34,200829.48,230056.11,1905.0
163158.55,212211.5,203035.72,174361.77,181600.11,1906.0
201980.38,308026.34,265944.6,246174.33,267905.8,1907.0
106191.055,150331.56,160629.05,114447.66,147158.48,1908.0
112468.76,161929.84,185055.39,137759.12,162113.53,1909.0
111283.27,156133.48,174302.42,125525.33,155899.92,1910.0
176818.39,264966.78,310370.1,215157.23,228179.36,1911.0
250810.58,383181.7,319472.6,295912.2,329315.2,1912.0
172639.97,241285.56,240312.14,191164.38,222229.77,1913.0
106919.0,126894.08,111030.4,103625.41,113767.52,1914.0
190694.28,240427.98,306714.03,265685.66,238965.05,1915.0
136562.25,159101.75,150301.67,142975.78,138496.14,1916.0
208493.62,329407.06,335816.06,250849.67,298323.56,1917.0
140053.64,204684.16,185271.66,145810.3,172027.92,1918.0
155006.34,210318.19,238507.0,189046.53,206923.17,1919.0
184836.23,298621.94,306190.44,225471.02,238624.8,1920.0
323481.97,419596.88,325488.28,291618.94,417309.1,1921.0
261073.62,381021.9,288062.22,241055.31,341524.03,1922.0
166339.5,252467.88,311342.22,205392.81,226093.89,1923.0
217949.47,347059.75,265628.44,249168.66,312021.78,1924.0
185617.28,294975.56,300359.3,229718.3,239907.48,1925.0
314235.9,410312.97,243228.14,270011.1,402264.53,1926.0
149963.22,203525.75,188571.67,155564.92,170488.67,1927.0
165222.89,259042.8,273244.94,182088.61,209672.77,1928.0
124809.46,172138.78,160761.25,130547.5,145237.08,1929.0
124738.99,171059.34,185079.0,132716.97,142930.78,1930.0
136516.38,196872.0,211809.48,167899.73,186198.33,1931.0
147591.03,221227.0,227193.52,158328.27,188693.36,1932.0
175564.67,269654.6,271903.75,204097.19,271327.28,1933.0
165731.28,265304.0,272678.53,206882.17,238229.58,1934.0
152932.55,204059.1,249829.11,190362.77,205606.14,1935.0
171053.55,278549.16,281353.34,210745.89,253547.3,1936.0
175031.11,263357.8,225015.36,205628.0,222571.6,1937.0
167789.08,264331.16,267654.5,191270.8,212028.22,1938.0
191312.73,231190.3,292077.22,248678.8,240299.45,1939.0
156958.03,199845.69,236704.27,207879.92,204483.17,1940.0
166101.72,259239.14,273715.84,202703.36,220606.48,1941.0
172956.14,269695.8,300527.22,205896.45,231539.52,1942.0
152150.39,201737.4,238175.84,198785.02,203131.39,1943.0
259924.98,371749.75,284513.3,243115.42,332455.9,1944.0
279273.66,397442.2,320776.66,299472.66,362354.22,1945.0
211376.98,247731.78,256488.61,215608.11,206060.88,1946.0
206408.23,255499.92,328314.78,270092.94,259393.02,1947.0
257003.42,301361.1,295045.03,279732.8,260046.67,1948.0
208941.92,333893.0,332612.47,231288.56,257612.4,1949.0
165284.45,272452.2,254938.06,208293.52,221819.77,1950.0
272080.97,388653.47,322586.12,302237.34,355930.84,1951.0
220841.73,350637.4,280338.97,267735.12,274968.66,1952.0
165771.86,267141.34,271013.8,184981.73,217087.23,1953.0
171060.23,270570.72,278563.44,208571.23,225561.17,1954.0
146048.48,206828.67,204483.45,153637.17,181877.39,1955.0
351642.1,421802.38,266265.47,302426.6,443649.8,1956.0
164080.38,253370.84,249971.86,205788.88,211631.55,1957.0
282854.28,388867.7,312699.8,281677.78,388350.16,1958.0
168239.42,249810.52,255800.61,202760.9,215946.33,1959.0
134239.11,173650.4,161375.2,137285.95,148892.31,1960.0
125912.32,174775.06,175616.64,137871.55,155623.73,1961.0
100178.48,142131.0,142633.45,105452.87,136865.12,1962.0
107738.92,153628.64,157326.77,114073.92,150470.61,1963.0
110432.086,154244.92,171500.14,124280.7,154558.11,1964.0
123429.695,173041.28,200074.39,154384.53,175260.78,1965.0
119614.836,168095.22,180496.98,148786.61,167764.66,1966.0
252359.5,372884.9,355995.5,264748.78,306582.9,1967.0
341057.75,439701.2,357970.0,334245.47,452620.44,1968.0
307275.0,412594.62,327160.44,303892.1,395097.25,1969.0
357573.62,437493.03,347337.53,311846.88,456994.12,1970.0
375438.9,437809.22,317448.47,288751.28,471659.47,1971.0
311648.28,404466.38,384083.4,297295.4,410012.4,1972.0
204829.3,316780.62,320928.78,252784.67,245237.02,1973.0
259617.55,370698.7,379304.47,286247.16,361257.1,1974.0
397813.06,448272.94,355590.4,337096.78,482256.03,1975.0
227541.02,356026.9,348888.97,269688.25,299464.94,1976.0
345226.53,436561.5,359793.66,333354.94,442070.38,1977.0
331328.4,422481.6,347147.53,325825.9,384470.62,1978.0
253095.23,373128.38,372601.84,290786.6,282924.22,1979.0
169226.55,288194.2,300577.5,213298.05,226738.55,1980.0
266906.94,286282.3,369497.22,314864.88,361577.66,1981.0
171666.58,222325.97,271957.03,231671.95,219656.5,1982.0
166477.84,214070.25,263052.28,223752.88,218616.92,1983.0
142537.55,187283.0,234372.3,179917.73,193741.06,1984.0
183876.5,230660.64,285343.22,255371.75,234463.61,1985.0
182988.64,230559.97,286899.53,253222.81,231719.33,1986.0
136316.02,187710.38,227992.55,162348.19,189021.27,1987.0
154621.83,241887.84,258183.61,194899.44,204937.83,1988.0
165069.39,250628.06,270569.44,206617.89,215618.7,1989.0
180995.64,284868.8,295646.53,226590.98,238643.53,1990.0
173341.5,227902.0,280415.78,231405.7,226388.48,1991.0
187190.48,232647.69,304687.03,240088.02,280004.53,1992.0
146032.06,196688.19,240600.7,182666.58,194839.61,1993.0
214703.88,335201.84,360533.34,228627.17,308522.53,1994.0
164268.8,253301.12,266083.0,204285.69,214460.95,1995.0
231186.33,350010.56,358189.38,275950.6,323465.28,1996.0
246140.06,363437.12,371264.22,273895.2,280239.53,1997.0
312957.88,406077.97,374666.53,296351.34,405855.16,1998.0
211160.08,333587.8,345201.66,244773.36,307230.03,1999.0
270593.1,375351.72,376528.66,271817.1,344350.47,2000.0
219743.58,348830.3,357279.78,269433.44,331595.28,2001.0
208674.77,343801.94,335694.84,232471.3,257586.7,2002.0
221475.23,341188.75,342842.9,270903.56,269008.4,2003.0
219313.94,341939.88,339918.88,275250.47,332148.38,2004.0
170618.27,296330.8,289292.12,224772.39,233400.89,2005.0
178602.89,218152.25,284367.78,230948.92,230642.83,2006.0
216253.5,339540.8,347701.8,260708.92,263067.4,2007.0
166428.88,220727.34,268920.44,222339.7,218375.77,2008.0
166218.25,275135.2,289608.78,211245.86,222392.08,2009.0
173427.23,276018.44,307538.1,193648.77,232151.36,2010.0
148955.67,204698.72,224603.67,162489.61,164194.23,2011.0
150976.05,242064.72,244011.9,196813.39,199958.95,2012.0
165069.92,255735.25,266666.94,204567.06,229124.64,2013.0
172884.2,210462.97,279033.34,214420.7,252134.05,2014.0
175338.97,247612.53,215854.77,204838.98,220996.45,2015.0
177111.36,277718.3,285818.06,221563.33,256140.25,2016.0
173935.61,169812.25,277598.0,214931.14,232689.58,2017.0
134685.2,172287.38,185352.02,144205.05,160453.64,2018.0
131411.06,181038.73,178877.52,141382.39,158655.89,2019.0
130319.664,176442.06,159935.08,133873.98,148188.45,2020.0
118604.46,152897.84,146264.3,121972.664,131415.06,2021.0
189653.45,270043.94,249579.42,210445.33,224211.64,2022.0
156289.08,233990.17,249379.31,174914.3,204283.3,2023.0
233828.98,355491.56,360235.84,275488.2,350314.6,2024.0
315795.34,409143.06,370487.44,298191.34,392511.84,2025.0
145112.83,193071.03,232287.16,188800.39,197084.86,2026.0
121535.98,180161.42,212198.11,155193.05,179423.08,2027.0
135008.36,185361.11,225005.64,172378.81,188374.81,2028.0
135855.39,186269.78,229171.36,171419.83,191826.9,2029.0
192656.92,239594.25,302931.47,269152.4,234834.95,2030.0
174122.48,221629.75,267968.62,238513.83,222847.7,2031.0
179584.84,224306.06,276416.7,246731.0,226266.14,2032.0
186406.98,232026.56,290436.38,261189.12,233955.64,2033.0
126822.87,181223.22,219227.06,161890.0,184290.23,2034.0
185328.31,305570.03,306600.2,227714.48,281754.72,2035.0
159963.22,203224.69,253110.14,188225.1,210871.27,2036.0
162081.55,205927.38,257204.89,196891.98,213510.3,2037.0
196075.53,240851.9,160155.61,239655.73,245954.73,2038.0
156590.73,257728.03,258623.17,187494.16,210750.58,2039.0
345854.34,409377.38,352066.5,322523.22,414517.06,2040.0
200365.33,329970.06,273183.03,253788.19,279133.22,2041.0
179049.78,219556.4,284843.78,226747.8,227797.16,2042.0
168994.16,277235.25,262431.9,209814.5,229401.52,2043.0
195144.14,302482.9,308113.9,227733.67,246625.77,2044.0
184213.62,279528.38,243084.95,227376.03,232836.88,2045.0
170355.25,266736.72,259145.86,213561.67,220688.45,2046.0
150197.3,224549.44,225404.36,167568.56,206582.78,2047.0
135334.14,188917.83,201391.73,150372.58,173048.89,2048.0
188934.44,295284.25,302812.6,223602.48,238652.53,2049.0
167197.17,246074.69,271621.94,186516.27,212777.95,2050.0
102372.22,130236.914,117156.11,103165.305,115214.055,2051.0
145376.17,200475.1,187309.55,155414.94,178437.58,2052.0
149193.7,212670.86,201086.0,156929.73,176192.2,2053.0
100105.01,124724.49,110206.414,101213.75,112652.13,2054.0
160213.42,247510.98,233215.81,197599.61,208725.67,2055.0
133846.2,176415.9,184156.58,140212.75,148853.3,2056.0
133906.62,174354.0,164370.28,141004.17,160223.42,2057.0
224632.45,327117.38,264664.3,249063.58,300123.88,2058.0
145231.17,190855.84,194519.67,157496.0,184655.52,2059.0
163904.14,271704.62,254989.25,205770.47,221392.1,2060.0
179338.89,288197.1,277704.2,196400.92,232941.58,2061.0
145075.23,201139.12,180509.47,148646.17,172592.33,2062.0
127593.74,155041.25,136396.61,123612.875,134381.36,2063.0
150832.05,226012.45,208869.78,179115.83,196207.17,2064.0
145993.64,181423.44,164493.36,146905.9,158159.78,2065.0
171966.86,227137.84,214376.89,194225.36,190108.98,2066.0
125982.76,161997.1,161415.88,129451.68,133866.42,2067.0
192775.3,290212.25,224397.42,215385.16,238232.23,2068.0
105372.29,130780.49,115775.66,104178.67,113297.72,2069.0
125011.49,152315.66,138136.2,122069.65,135736.98,2070.0
108182.24,152554.53,140198.33,114790.78,130239.98,2071.0
193779.67,279166.5,252680.52,219811.45,239119.77,2072.0
143085.14,200765.72,193824.22,150130.05,172516.89,2073.0
160955.78,182674.6,222709.17,171602.08,172013.36,2074.0
156191.48,225880.11,220246.02,165956.83,188026.39,2075.0
127717.445,170950.9,155741.7,133353.86,154546.58,2076.0
146616.08,194381.4,218191.61,175062.78,187411.61,2077.0
131324.5,173997.69,170477.42,138604.27,150831.55,2078.0
146694.19,190660.78,203303.72,158125.1,186482.75,2079.0
120640.664,155389.86,142223.73,123353.13,134176.16,2080.0
131997.14,171125.78,172596.64,137762.58,156537.8,2081.0
159076.34,243670.0,234099.2,201018.67,203428.0,2082.0
144230.14,187446.27,211662.02,157245.6,184516.52,2083.0
118382.74,151712.31,132034.98,119568.56,129559.4,2084.0
132558.0,172578.1,170177.17,141339.19,158200.48,2085.0
124361.57,173348.3,179208.67,130640.375,140711.8,2086.0
140077.34,193162.6,193407.58,147811.33,170771.77,2087.0
124365.49,160752.69,167311.12,130257.84,155475.33,2088.0
98852.75,126830.52,106907.46,102867.06,111791.12,2089.0
126621.29,161270.97,165363.86,128424.016,154145.7,2090.0
144452.61,180464.31,179025.83,145899.73,162718.84,2091.0
148098.73,190294.44,215084.1,170209.58,187301.83,2092.0
140648.31,173471.17,177055.14,145417.12,169513.86,2093.0
112091.555,148391.28,142070.86,116602.76,124133.836,2094.0
164742.66,239256.77,217603.38,173658.14,210833.14,2095.0
101858.125,123548.57,108918.57,100951.18,110751.94,2096.0
112543.695,144329.38,136836.7,114170.45,125347.914,2097.0
175686.42,249123.94,238680.8,203125.45,216817.39,2098.0
93046.836,119748.79,101001.836,94513.34,106910.54,2099.0
132818.7,165326.22,157665.89,133955.0,134336.95,2100.0
152054.94,213172.38,210156.3,159758.17,192707.64,2101.0
127644.03,164787.53,170950.2,133803.45,161475.31,2102.0
115594.516,144918.77,129353.38,112767.51,127980.9,2103.0
165888.42,242470.28,234418.61,182939.05,214288.98,2104.0
124007.84,162681.25,173424.64,129923.49,147874.03,2105.0
133848.48,154869.81,138113.2,127871.22,142408.58,2106.0
219292.44,309511.16,324071.72,232992.89,256287.31,2107.0
135228.47,174204.84,158269.17,138671.55,151893.48,2108.0
129610.18,172011.62,168760.23,136634.12,149031.11,2109.0
133047.64,178954.5,182904.98,144216.23,160585.05,2110.0
137235.5,174143.72,180424.88,144718.05,160322.5,2111.0
146422.27,183935.03,201160.31,164157.98,179645.52,2112.0
118673.57,160152.08,164203.56,123876.484,149698.17,2113.0
119524.1,149363.12,152222.89,120624.234,133743.27,2114.0
141612.64,184824.22,213547.92,162552.75,181581.73,2115.0
120603.18,156051.12,144585.05,122233.45,136615.06,2116.0
158055.69,201090.6,241612.08,191708.89,202983.02,2117.0
125041.79,158848.2,156065.97,125888.5,148198.69,2118.0
111805.695,135552.69,119404.77,111011.86,121495.85,2119.0
116164.08,147530.75,144199.89,115396.11,137324.84,2120.0
117494.4,148844.8,138378.7,117092.08,132355.67,2121.0
129581.1,168874.06,172854.05,132313.89,165467.58,2122.0
87861.1,116635.46,102754.27,92201.28,100655.81,2123.0
157006.58,194183.2,225133.64,189424.6,197634.58,2124.0
177878.31,203864.06,236760.23,209859.6,214797.14,2125.0
170694.75,249360.6,247637.38,200102.39,217982.86,2126.0
161806.14,234695.44,251161.64,202183.08,216713.69,2127.0
128605.29,159615.06,163739.8,135060.55,160757.95,2128.0
113165.28,141870.94,118888.1,111922.6,124335.28,2129.0
151971.89,203948.08,206249.89,153808.62,187543.39,2130.0
143174.67,163264.19,150705.97,137492.8,170856.23,2131.0
141842.36,177516.66,168895.2,141621.27,163035.31,2132.0
132255.11,176155.97,177009.11,142572.27,163650.98,2133.0
130923.125,169275.69,165692.33,135555.03,156569.95,2134.0
122861.96,159930.67,137964.06,119006.84,136759.55,2135.0
122740.87,148020.12,134530.61,123271.84,133954.19,2136.0
133737.64,170843.75,162597.33,137723.19,150736.98,2137.0
147986.64,217708.97,196015.84,154387.02,182453.52,2138.0
155766.44,227191.31,222122.33,165377.38,186778.7,2139.0
142199.39,195431.19,194887.77,149373.81,165898.7,2140.0
128482.47,176610.78,172092.48,135801.95,151191.61,2141.0
142713.88,196986.98,183281.69,151511.45,171633.44,2142.0
137045.34,194168.12,222943.4,163030.83,180605.52,2143.0
156059.48,203304.08,177452.27,156286.3,175640.98,2144.0
137215.7,202010.86,185234.92,145136.3,167011.52,2145.0
160061.83,216880.84,206927.7,165816.95,186176.25,2146.0
168086.9,280249.72,256057.23,200587.02,220618.86,2147.0
142407.17,185690.28,195828.12,150453.39,178142.78,2148.0
151172.19,238729.4,212030.19,180515.67,202906.33,2149.0
194524.86,277910.7,255717.14,217696.3,218745.94,2150.0
113002.1,143902.97,135848.14,113519.94,129387.24,2151.0
181233.98,243223.02,232638.86,196039.03,194195.11,2152.0
172754.78,273362.53,251327.77,213585.4,231209.3,2153.0
124335.4,163209.44,145645.2,126669.56,137549.06,2154.0
143592.83,205340.97,210481.88,152089.3,183051.23,2155.0
260304.55,371095.75,383448.4,288966.47,371550.97,2156.0
206610.48,333202.94,325264.22,253689.77,255584.67,2157.0
203226.23,309747.94,243591.7,237095.02,271987.28,2158.0
167174.58,272693.75,282470.53,207082.64,226158.58,2159.0
152996.88,234401.72,248481.02,181999.28,202196.42,2160.0
213613.3,333774.3,330556.47,268545.28,259821.05,2161.0
390783.06,438186.8,295529.16,248508.86,485017.03,2162.0
269590.72,384690.0,370460.34,282938.8,342876.03,2163.0
209337.17,335444.2,329966.94,246050.45,258840.94,2164.0
161360.08,245909.38,261262.58,179683.56,206761.3,2165.0
145838.98,232545.6,221429.16,170355.83,193366.52,2166.0
190618.47,238222.77,294209.4,241334.23,235809.62,2167.0
193084.95,304512.5,328589.66,208342.77,275890.72,2168.0
170945.52,272847.06,281404.84,211867.73,251655.36,2169.0
170036.73,241973.17,324610.9,210600.89,227877.48,2170.0
151757.17,215926.7,205002.33,159287.77,183158.08,2171.0
147018.75,221314.94,206832.58,174569.36,189637.31,2172.0
158316.98,217040.38,202909.73,170132.36,180057.17,2173.0
215229.11,331847.56,345290.22,252121.95,261510.42,2174.0
228857.77,351871.94,351950.78,275044.78,337016.16,2175.0
265635.78,386757.0,305305.34,283989.47,355220.84,2176.0
217376.44,331611.3,352908.25,246962.95,253195.95,2177.0
180914.3,288163.94,307413.66,217476.16,237360.2,2178.0
121520.64,181540.69,192936.12,150124.06,173920.66,2179.0
243104.92,363522.38,365969.53,275902.44,340610.84,2180.0
166260.08,276920.62,275857.3,216529.31,222093.53,2181.0
208900.52,330580.28,336230.66,250493.19,256950.48,2182.0
169765.16,279282.22,276401.94,219028.75,224120.7,2183.0
143867.7,203147.58,187907.05,150082.06,177588.83,2184.0
141706.14,190104.69,174393.14,145406.94,156717.67,2185.0
137604.31,191646.64,206319.97,165085.27,185497.23,2186.0
149838.58,228369.94,216182.06,172703.86,193444.8,2187.0
140060.27,188593.6,220945.52,153957.39,184757.48,2188.0
273679.47,317687.06,324293.66,297960.66,272435.0,2189.0
91414.11,119604.47,107775.63,95845.32,102283.164,2190.0
95430.27,124432.805,111756.64,99894.58,105892.63,2191.0
114103.555,148665.66,126652.54,113950.21,126262.336,2192.0
126276.914,159135.16,151048.67,126737.445,135705.31,2193.0
99049.04,128894.63,118819.46,102302.375,109890.61,2194.0
136338.72,154246.28,162622.2,136534.84,140340.42,2195.0
118581.12,151139.44,136294.98,119709.2,128044.445,2196.0
122860.29,158954.88,161604.97,126194.164,150897.42,2197.0
141026.58,175536.0,167200.89,148698.86,169236.9,2198.0
156887.52,201966.56,232215.55,185556.2,220772.08,2199.0
140479.17,194862.6,186726.8,145977.39,175791.17,2200.0
158728.45,199221.25,187230.25,155461.3,171351.14,2201.0
137348.89,176337.06,191245.23,145440.17,165955.66,2202.0
168330.25,231636.81,228409.95,190762.11,209100.42,2203.0
163435.8,237919.16,254117.02,177323.73,200399.5,2204.0
139381.1,173958.12,168003.36,141577.67,161854.08,2205.0
141999.55,183928.67,184757.0,151741.08,177280.88,2206.0
162727.88,229590.88,225182.2,177049.89,201293.23,2207.0
186997.6,295327.12,322026.25,204301.38,255171.7,2208.0
219426.89,278360.56,281603.1,229526.52,264256.72,2209.0
107087.85,154263.12,163835.69,115541.59,151212.69,2210.0
117347.61,147754.86,131582.17,118309.805,128679.445,2211.0
118593.29,156421.34,154118.77,121895.81,138136.23,2212.0
120441.76,142248.56,137826.52,120702.06,131693.75,2213.0
137424.03,183666.33,208925.36,157423.7,181113.92,2214.0
115229.4,148991.62,131784.52,115456.44,126387.63,2215.0
173373.94,257275.22,254766.94,208717.53,219432.39,2216.0
117558.68,139028.28,127221.4,117243.81,116729.24,2217.0
106891.26,125654.29,115146.99,105628.25,116380.85,2218.0
101742.29,125395.02,114566.56,102928.97,112792.46,2219.0
114501.664,133792.56,119659.39,109238.88,124635.49,2220.0
193489.2,242454.38,309102.88,268603.4,240355.98,2221.0
189094.33,238097.88,300416.84,264284.03,238879.36,2222.0
263443.8,384910.34,324280.84,295010.34,358087.53,2223.0
205166.86,312103.8,321555.16,236496.23,254981.1,2224.0
141859.98,198812.95,212886.48,153454.62,174026.39,2225.0
205013.36,330701.56,325492.06,246520.52,255719.83,2226.0
170383.73,214967.1,259660.89,233759.7,218811.03,2227.0
213738.64,346097.9,341961.84,254578.98,258754.81,2228.0
207125.39,324505.4,345254.0,227751.88,297557.53,2229.0
141490.92,213978.64,229752.52,154697.25,180587.02,2230.0
180264.23,285606.88,302995.72,216442.67,236740.95,2231.0
171992.39,270127.94,277457.78,192297.75,224716.77,2232.0
184245.67,279693.5,247495.45,212935.39,225803.17,2233.0
181840.8,316761.66,310983.5,230556.58,245176.64,2234.0
196365.14,242250.19,309630.12,253495.39,247899.61,2235.0
234602.23,360758.16,365385.84,265621.94,273068.84,2236.0
315907.47,407344.12,381387.84,305817.34,415225.22,2237.0
187872.28,240701.27,291950.03,245012.64,250951.44,2238.0
132004.33,183461.34,190130.19,142976.5,153275.05,2239.0
142202.72,200062.38,233264.77,197660.9,201719.53,2240.0
178730.83,291712.62,290513.78,196233.92,222134.62,2241.0
128189.31,183199.47,195755.52,159699.98,183399.48,2242.0
116778.71,163911.55,182820.77,137606.11,162505.05,2243.0
103635.9,151263.61,160784.78,112452.625,145765.67,2244.0
98687.6,142889.56,147420.11,104306.4,138479.75,2245.0
165478.28,199724.58,197540.22,166431.03,168833.33,2246.0
96037.63,135971.12,147632.42,102820.81,126110.62,2247.0
122371.57,167722.58,163000.11,129401.62,148364.1,2248.0
120193.78,168050.16,167073.11,129507.266,146166.52,2249.0
144134.7,199912.81,188344.45,148361.33,165189.53,2250.0
277077.44,331886.38,302608.84,309020.78,285654.16,2251.0
184448.17,300366.3,290334.9,225638.98,241674.14,2252.0
134878.03,196896.06,208740.42,147474.6,167921.23,2253.0
151147.56,231330.44,247427.8,166183.2,196907.77,2254.0
174090.38,221407.16,288063.66,216955.39,262701.3,2255.0
150310.28,200666.31,249263.58,187375.45,196241.8,2256.0
198613.98,219321.53,310404.72,244887.66,260266.94,2257.0
147983.53,224501.7,223728.67,182122.02,188872.89,2258.0
163754.52,207341.61,259940.92,202637.05,211578.34,2259.0
173277.97,223731.94,214428.14,180550.23,190292.39,2260.0
144634.39,193216.28,222856.27,189094.84,196668.48,2261.0
150403.27,203990.8,239976.31,201746.61,204235.48,2262.0
275372.1,384809.97,384871.38,273110.0,376248.53,2263.0
317345.16,363856.44,362939.34,344440.1,422674.1,2264.0
239508.86,285365.7,284688.47,258688.88,244767.45,2265.0
203171.4,247158.44,315543.78,261665.2,253721.45,2266.0
341904.9,437174.25,354937.47,329840.97,442037.34,2267.0
276287.03,397502.94,312750.22,283665.8,363934.03,2268.0
153771.22,228710.86,224222.98,170863.5,196211.77,2269.0
166460.92,257451.03,266033.06,182341.25,217954.45,2270.0
202925.66,329130.8,327367.6,229230.36,247603.64,2271.0
182372.23,297406.88,303468.6,215885.64,273515.06,2272.0
162505.39,259094.62,248560.08,190176.77,212981.45,2273.0
170385.48,285826.5,270955.78,214527.06,229827.61,2274.0
192497.11,298838.62,293692.12,219159.2,249828.64,2275.0
162963.77,220608.6,262039.3,207118.36,218839.47,2276.0
180843.0,222892.47,280835.03,222290.48,269640.25,2277.0
153748.92,243530.27,235524.22,182969.75,202240.83,2278.0
127534.15,175252.03,181852.56,139380.58,150655.39,2279.0
151130.42,179188.47,168972.7,145385.81,149992.14,2280.0
157498.61,201401.56,245172.73,214348.2,207351.2,2281.0
167904.3,290653.25,276346.47,213495.16,230232.52,2282.0
108002.26,151865.31,157935.39,117545.58,148339.9,2283.0
109786.48,151642.97,164351.55,123905.11,149461.94,2284.0
117909.06,165884.2,177906.92,143715.78,165061.58,2285.0
130090.85,175807.28,171279.92,139856.23,156709.0,2286.0
262418.9,382906.7,358796.44,265829.34,333833.0,2287.0
233549.11,355185.1,356571.72,263161.28,273405.9,2288.0
329541.62,424630.66,339481.97,311322.84,410911.16,2289.0
371275.66,443071.3,354040.6,322703.6,462763.66,2290.0
257100.64,370757.3,273665.28,243232.58,334909.4,2291.0
328974.5,428084.72,346878.03,322443.4,421650.6,2292.0
390200.16,453449.72,369362.28,342286.3,475954.9,2293.0
325059.2,418884.0,336048.7,291179.1,387107.44,2294.0
407971.84,467832.25,381006.6,355001.1,493398.97,2295.0
287413.84,389185.38,318315.53,303749.0,326372.1,2296.0
222059.27,345618.03,347158.1,272485.5,333959.47,2297.0
260018.89,380585.94,290668.1,243458.36,289033.1,2298.0
338680.53,428080.62,338645.97,255806.7,415862.78,2299.0
313690.22,406097.88,317738.03,252033.62,405093.56,2300.0
221041.89,340718.3,353879.72,240968.42,315677.4,2301.0
227213.31,352042.62,343518.66,277250.9,256341.86,2302.0
204430.95,324749.38,325022.4,256727.8,254153.33,2303.0
217113.7,334273.0,343097.78,257547.17,264958.06,2304.0
171057.77,218059.62,264283.28,237021.08,222676.34,2305.0
171217.75,219695.03,265311.22,236574.97,223942.48,2306.0
172525.83,222765.25,272880.78,231830.33,221879.73,2307.0
188791.58,225084.4,284756.34,256642.83,234680.12,2308.0
201262.52,247755.25,311821.44,261491.23,251757.33,2309.0
165275.66,212948.94,260872.77,222006.67,216967.42,2310.0
171168.48,216284.25,266904.3,238482.02,222394.11,2311.0
172679.11,259017.34,222553.2,197086.61,217998.1,2312.0
158021.0,247035.69,263108.1,194719.78,211334.6,2313.0
161460.48,242334.19,269912.84,181326.08,207421.33,2314.0
154413.84,241033.16,257011.94,193870.88,203867.22,2315.0
158371.77,249560.36,271203.75,198178.94,212426.3,2316.0
163329.36,249910.44,294746.9,193601.39,209569.11,2317.0
156061.27,243407.25,259482.77,197074.9,206553.2,2318.0
148309.89,199366.75,248444.88,188146.5,198501.58,2319.0
150000.92,204294.52,246636.38,199494.88,201925.12,2320.0
182401.58,229100.02,285366.97,253769.88,232000.33,2321.0
140427.52,189511.97,232325.89,185955.62,191995.81,2322.0
160850.36,233949.98,205176.7,172258.22,179605.03,2323.0
144181.19,216347.62,227870.83,155981.67,180978.52,2324.0
174946.45,295058.47,303526.84,223695.86,233520.95,2325.0
146126.62,212618.9,226671.62,156855.78,178479.77,2326.0
173865.44,269986.8,284476.97,218023.31,208478.92,2327.0
184827.77,296164.4,303622.22,229400.83,273947.22,2328.0
167601.08,270412.1,279807.4,208053.8,219046.64,2329.0
173023.64,272717.75,279805.2,211927.39,229892.06,2330.0
328853.34,418843.16,270100.7,288614.72,425525.22,2331.0
316254.2,407473.1,401653.62,309705.78,410145.1,2332.0
285353.22,387267.62,392019.72,291229.28,379754.75,2333.0
225697.86,341751.0,359838.1,256778.86,300155.1,2334.0
221369.53,337130.62,355564.53,243139.95,308960.4,2335.0
298801.84,384428.44,393888.78,317268.28,403386.34,2336.0
179668.86,290881.06,288461.66,228879.64,233294.16,2337.0
233052.33,361249.88,354751.6,264853.7,299758.03,2338.0
180810.6,304762.66,309270.78,231459.73,240309.33,2339.0
325635.72,417213.88,340013.3,292443.38,425594.22,2340.0
184567.77,302344.72,304724.53,235948.39,239921.8,2341.0
186302.22,236762.72,300453.22,243021.58,244725.16,2342.0
199033.95,242069.67,305607.38,255491.31,250187.23,2343.0
196298.27,308528.28,313670.22,239863.92,249727.11,2344.0
210458.28,324053.12,320649.47,263700.34,259482.08,2345.0
174446.48,275781.0,278633.06,226414.11,226568.2,2346.0
176234.7,280936.38,281018.7,226448.42,228205.66,2347.0
189931.42,297569.34,303838.4,237183.44,245892.38,2348.0
164689.89,259131.98,274257.75,204340.11,219230.77,2349.0
233887.34,352837.66,364222.53,258649.95,330635.5,2350.0
202535.42,319357.25,325214.28,247167.67,251006.02,2351.0
218450.77,343093.94,349337.78,251667.23,264952.5,2352.0
256323.8,367074.03,379101.97,283601.16,337981.28,2353.0
129531.88,176396.8,195596.48,142608.19,159930.17,2354.0
129878.63,176759.4,195727.45,143560.98,159436.61,2355.0
158959.44,260062.94,253720.73,183459.02,209204.17,2356.0
178466.08,223987.12,283573.72,236460.92,230232.55,2357.0
179438.77,289021.7,304437.47,214099.73,239353.69,2358.0
136598.11,182422.88,197239.8,148153.48,168907.86,2359.0
121783.71,166381.47,166632.8,131000.64,148370.69,2360.0
146021.27,199667.6,213917.7,186908.8,193710.14,2361.0
288125.44,380794.62,326634.47,301851.22,373753.22,2362.0
148017.75,218201.1,200815.52,155839.73,184583.48,2363.0
159607.64,248350.47,237565.89,170161.16,202828.42,2364.0
172550.83,218633.03,268656.28,237458.64,221066.3,2365.0
137389.89,190778.69,227389.08,145971.4,192251.92,2366.0
175861.2,213540.72,268833.4,242454.67,222547.6,2367.0
168187.67,215450.7,265012.06,234261.28,221150.05,2368.0
183991.27,220902.5,278928.03,244937.27,231206.55,2369.0
133266.66,185644.48,227458.17,170525.97,190569.86,2370.0
137479.64,185680.72,229662.08,173499.61,191503.2,2371.0
181996.64,220132.98,275011.03,231449.1,228008.61,2372.0
202693.17,241061.5,319437.34,255347.27,310797.75,2373.0
270411.28,364696.12,370826.34,308563.4,378741.66,2374.0
163708.78,278052.66,286535.44,215897.58,226382.2,2375.0
288232.78,398064.12,297265.72,249662.66,382208.38,2376.0
331875.88,435239.38,354264.28,334827.66,429379.97,2377.0
147375.55,198326.7,190094.45,151807.05,168241.06,2378.0
212502.61,248699.66,321812.28,265062.3,323346.97,2379.0
142752.72,194734.22,197775.2,153619.2,182005.08,2380.0
173746.39,283454.25,270915.16,213424.69,230710.9,2381.0
167983.7,274593.8,275824.2,205789.86,226062.84,2382.0
183211.97,297504.56,295553.16,234298.23,237807.69,2383.0
210357.08,331342.06,339111.53,246571.4,305514.03,2384.0
151391.2,219584.72,207598.11,162309.8,187928.1,2385.0
145400.36,202039.9,190445.73,151285.16,174806.28,2386.0
135064.44,181794.36,187821.25,144870.06,166956.67,2387.0
124124.62,157173.06,141215.08,121511.47,131545.88,2388.0
130826.414,174003.0,170746.89,139422.61,155058.28,2389.0
153592.39,191899.44,192028.42,154668.53,162112.27,2390.0
146796.06,198992.61,205043.17,182650.92,194499.23,2391.0
125579.6,160554.81,144909.17,128338.75,138487.94,2392.0
148570.14,198060.33,209624.03,178535.52,192432.5,2393.0
143619.11,209751.28,188585.3,152066.69,180440.45,2394.0
194687.94,297177.16,296593.94,234159.05,283303.03,2395.0
149244.64,202315.69,205791.86,159905.14,173947.92,2396.0
206946.31,312433.88,275389.62,236529.69,282821.1,2397.0
146735.44,201826.73,190225.67,148292.02,174007.52,2398.0
95792.516,122414.305,106844.914,99936.484,109276.13,2399.0
82878.73,103125.35,110898.7,88121.336,91690.43,2400.0
111968.01,155511.44,150861.86,118778.586,135842.3,2401.0
142364.45,195220.44,178057.3,150195.97,173199.77,2402.0
187952.11,282298.38,265601.75,229740.25,232869.75,2403.0
145242.58,210306.69,194827.52,151940.23,177299.92,2404.0
159512.12,249808.78,228085.17,199894.02,212738.98,2405.0
134143.8,183377.4,183019.3,141451.8,161667.08,2406.0
129398.82,173392.62,164760.97,138743.38,154378.77,2407.0
151306.61,199228.5,211663.95,187852.98,200678.17,2408.0
139756.06,187010.92,175160.81,147118.17,165315.73,2409.0
166220.52,269010.2,258114.28,209168.3,221631.89,2410.0
133627.36,171177.84,153524.81,134941.45,149232.67,2411.0
161023.23,238348.12,239251.53,171741.45,198574.73,2412.0
145905.6,198466.02,182381.45,152783.73,172394.45,2413.0
143341.17,194227.98,185571.83,147584.19,159258.25,2414.0
170970.83,212425.78,242385.45,213198.2,217591.33,2415.0
140221.98,178789.53,157585.45,140049.69,155653.27,2416.0
127609.6,168281.25,167952.39,135971.89,143012.08,2417.0
127232.98,170845.97,172277.3,134926.22,142861.58,2418.0
154622.62,194559.4,225001.58,189233.89,197196.3,2419.0
132106.73,173126.3,157508.84,134732.3,152188.56,2420.0
157846.64,235727.42,199233.08,160430.7,181683.52,2421.0
156241.08,187364.31,176198.1,150743.92,163037.72,2422.0
153733.27,189296.72,193287.66,157524.61,161583.6,2423.0
155669.2,193391.61,207353.14,158833.73,178368.08,2424.0
324401.53,395248.7,338524.66,312175.2,404056.4,2425.0
160596.69,249244.9,234105.61,188419.53,208982.86,2426.0
141779.42,179636.02,184047.75,145822.14,159316.78,2427.0
156887.86,247368.08,255949.52,182801.1,217083.14,2428.0
125697.9,154964.78,143142.69,128249.26,138048.98,2429.0
132183.52,177726.77,169312.47,139442.39,152602.6,2430.0
134355.14,174333.03,171872.92,141255.39,159217.75,2431.0
131552.34,177193.56,179871.36,141775.11,159155.77,2432.0
139616.55,183866.28,189202.92,152740.86,176161.62,2433.0
142066.67,187442.55,193233.98,154946.77,180360.94,2434.0
150444.1,201494.88,223970.94,187086.77,195359.08,2435.0
97147.81,126540.98,112275.57,99811.94,109935.336,2436.0
117710.445,157240.75,147970.89,122130.64,133996.92,2437.0
124673.0,165469.22,152455.3,127693.125,145517.23,2438.0
126710.35,167681.92,154787.02,130836.35,152700.52,2439.0
133942.52,174085.38,175583.33,140931.39,172404.23,2440.0
117894.945,149269.69,133224.33,117000.14,142013.28,2441.0
106280.54,135098.44,124910.15,110246.266,123208.2,2442.0
127029.97,162567.9,145289.11,131726.28,141457.62,2443.0
143718.12,207125.22,196967.08,151344.58,180306.14,2444.0
111249.93,133590.23,121694.04,110697.47,122299.27,2445.0
155207.98,198868.5,185799.28,158113.05,187956.92,2446.0
177422.66,263054.75,261113.3,207679.12,224737.73,2447.0
147083.39,189650.94,188602.7,149950.34,170782.27,2448.0
120726.23,152089.5,142214.14,119669.06,149370.8,2449.0
163068.73,237797.56,236055.95,193202.97,204834.14,2450.0
121026.4,169972.88,192916.73,144468.42,168054.02,2451.0
197359.89,271977.28,227898.16,225215.14,242693.86,2452.0
103414.38,130861.664,116023.516,102300.45,112860.77,2453.0
128501.48,163421.56,154326.08,128159.31,133485.64,2454.0
124592.68,165867.16,164204.12,129552.59,149545.3,2455.0
145151.22,186043.97,196749.3,151391.73,180342.3,2456.0
122091.27,157292.56,159639.83,121978.516,145990.83,2457.0
119789.02,151269.25,146534.7,119021.5,139332.58,2458.0
111664.305,136285.08,119032.02,110005.09,121584.305,2459.0
142732.67,181152.52,194647.52,157673.8,180699.4,2460.0
123950.766,156297.25,152321.7,123635.88,141822.39,2461.0
133089.45,169733.03,178746.02,141109.77,160318.58,2462.0
127572.77,161357.66,153255.84,128029.08,151761.4,2463.0
190899.7,273280.9,271417.2,224571.17,231818.27,2464.0
146625.88,194301.06,187237.55,149232.34,179582.33,2465.0
140975.67,187385.44,174552.42,143803.83,170069.78,2466.0
130373.195,175826.58,191747.08,144347.88,173478.77,2467.0
110739.6,129191.59,115767.5,107599.984,119216.46,2468.0
120212.805,142438.53,126764.875,116051.89,129591.68,2469.0
204757.47,304619.2,315856.66,207720.17,268042.16,2470.0
167688.86,267045.53,273017.56,206698.67,240891.11,2471.0
199245.08,292674.12,290154.75,222093.02,259933.98,2472.0
125605.836,173966.3,184414.86,140408.05,172165.83,2473.0
143796.36,164864.5,153635.64,137830.05,158904.73,2474.0
212103.77,303363.7,309893.44,206754.02,250070.05,2475.0
119996.37,163114.12,166524.73,128542.72,156312.11,2476.0
145369.83,204921.98,179422.42,148028.03,171854.61,2477.0
167970.2,272707.56,262948.28,203729.42,224856.83,2478.0
151773.78,188751.58,194790.55,151958.16,162150.67,2479.0
151875.81,196728.53,226302.05,158002.67,165658.95,2480.0
144972.98,187659.64,193624.58,154013.06,165423.17,2481.0
134612.08,190485.5,186283.8,144991.5,169525.92,2482.0
125887.12,166344.19,155357.42,131285.55,140728.55,2483.0
136177.62,185327.47,187359.9,150193.95,168146.48,2484.0
128519.555,170139.0,164385.92,134747.31,147145.11,2485.0
159464.83,217865.31,233758.08,174620.17,177594.62,2486.0
262307.94,343237.22,300782.16,283595.16,327829.97,2487.0
128818.68,168764.11,177178.55,136755.92,156028.53,2488.0
150384.8,213856.25,200544.31,156480.3,183320.14,2489.0
154469.45,200993.47,237511.34,168371.48,170770.33,2490.0
107417.6,133917.89,118548.88,104899.66,117940.38,2491.0
163517.02,271289.06,278272.16,202869.95,221255.62,2492.0
157829.39,198025.4,190887.64,155212.77,160206.86,2493.0
191976.73,232803.84,237457.1,191224.64,199933.8,2494.0
146934.55,171045.12,162783.67,141849.03,139944.7,2495.0
211325.78,330902.12,258149.9,214238.52,257362.48,2496.0
162168.38,233868.58,229183.08,177766.81,206137.58,2497.0
117334.12,157483.3,143797.52,120699.56,144167.11,2498.0
110566.39,139522.94,126269.586,111397.1,116607.35,2499.0
118359.02,173018.78,191414.17,142994.42,162359.7,2500.0
147815.7,207724.38,191952.27,159096.8,180216.83,2501.0
153720.7,227524.28,220767.75,162591.31,188029.44,2502.0
133807.17,162864.62,154098.42,133890.3,150276.11,2503.0
201678.12,241095.81,249058.23,194181.98,220516.36,2504.0
180015.02,290923.94,295983.97,220803.77,259551.05,2505.0
222535.11,342096.56,340125.34,278404.84,266136.9,2506.0
273242.9,384436.0,379300.8,294167.78,289268.3,2507.0
226184.17,347569.22,351291.22,272707.84,268306.28,2508.0
211679.47,331531.0,338715.75,245126.02,258231.08,2509.0
190622.19,300622.22,297748.9,244315.94,241368.72,2510.0
160686.86,208537.69,255672.62,210454.28,211154.84,2511.0
185322.77,291324.12,298431.78,228002.48,237992.73,2512.0
192526.53,303146.75,304091.53,240310.52,293531.5,2513.0
187739.42,255357.6,251018.66,200696.98,208985.2,2514.0
160974.84,246620.03,261345.36,174726.9,201350.11,2515.0
152394.2,239180.12,245797.77,179354.92,200506.33,2516.0
138603.03,191132.58,205206.72,153230.11,179801.61,2517.0
162198.77,221588.95,204264.62,171523.98,176907.6,2518.0
196792.45,309022.88,317906.84,231038.17,245705.39,2519.0
182119.58,296056.8,313297.6,210261.4,268310.62,2520.0
171964.2,267369.9,279151.53,210804.67,224299.89,2521.0
190769.02,301712.38,306649.38,236291.77,285628.75,2522.0
141416.6,191889.97,176020.3,144131.98,160530.33,2523.0
139144.47,188845.28,190852.83,148894.44,176037.3,2524.0
144945.5,223369.58,203998.67,158001.88,188856.02,2525.0
147649.48,228967.0,211286.95,179618.56,196041.58,2526.0
145451.48,174856.03,166136.94,140331.6,145838.58,2527.0
132780.16,184152.47,178893.39,139826.78,159918.39,2528.0
131521.61,184547.12,187861.78,147330.38,169409.39,2529.0
125555.02,177769.88,175432.23,133870.83,158955.2,2530.0
225456.89,354369.12,353883.3,254705.86,300299.22,2531.0
198161.3,309388.88,312484.47,243683.23,290187.78,2532.0
182567.88,217280.06,290440.1,228606.45,231878.22,2533.0
182839.92,315017.8,329079.78,225835.86,247313.12,2534.0
281037.28,391505.12,332825.03,257218.48,379512.28,2535.0
213269.2,329736.5,269420.2,247740.25,295223.03,2536.0
185687.92,300781.38,256196.42,228433.3,235486.42,2537.0
158329.5,245034.33,259509.12,198364.05,207934.23,2538.0
157736.05,216604.84,259506.95,206711.83,216910.98,2539.0
155461.77,209692.25,257310.48,205046.17,207988.95,2540.0
156100.89,242417.88,257548.42,195508.55,206654.11,2541.0
153672.42,239760.5,257228.88,193065.7,202501.11,2542.0
143783.64,204262.19,186259.48,150204.33,175151.7,2543.0
137039.61,189641.11,207759.8,153215.36,173747.78,2544.0
165011.2,208028.53,192186.92,165886.34,182065.61,2545.0
150939.95,194791.34,202756.23,186658.16,192414.48,2546.0
135326.25,185421.55,194618.36,147884.88,176046.77,2547.0
150820.83,228391.66,242833.45,166798.95,196368.7,2548.0
150482.25,202674.78,250303.3,191053.77,202631.73,2549.0
530188.56,420565.5,549610.7,445644.47,693334.56,2550.0
116519.484,176181.28,191028.8,142684.52,168632.33,2551.0
124290.6,172674.11,183921.83,138771.81,154819.75,2552.0
95530.1,124311.836,111926.43,100004.09,105986.82,2553.0
132546.17,167386.25,154422.7,136010.31,143778.97,2554.0
118963.305,145258.88,129404.17,114747.7,129505.52,2555.0
119536.164,151243.53,129253.43,118201.07,133072.75,2556.0
133064.14,180169.66,167736.28,138934.3,163054.17,2557.0
208953.52,279686.62,335458.97,215893.86,280651.84,2558.0
143652.39,184680.47,187874.67,158201.08,181287.7,2559.0
126878.234,168106.25,174514.55,129791.19,153756.55,2560.0
107746.6,143191.22,138812.72,110805.61,129665.086,2561.0
127719.195,164129.28,165173.84,129285.484,149762.02,2562.0
129433.66,164288.38,170123.19,130907.055,150279.0,2563.0
148884.98,187516.0,211671.08,166146.42,189761.39,2564.0
130021.086,158307.39,145172.95,126382.73,135277.19,2565.0
146362.89,188213.25,213075.52,162746.52,181913.84,2566.0
139441.67,184648.42,196002.3,158430.92,183716.52,2567.0
199885.72,237301.38,255291.86,206273.7,221915.12,2568.0
191978.52,250409.12,246390.0,199474.83,214602.8,2569.0
106620.805,153323.56,163668.16,115396.805,150415.36,2570.0
209226.05,322667.75,270647.16,262525.1,255164.81,2571.0
125871.73,181178.33,195954.86,155088.86,178950.05,2572.0
234297.12,334584.3,285977.5,271241.72,289409.9,2573.0
192749.05,293314.0,257914.81,209098.52,204258.58,2574.0
140407.77,181545.28,184993.77,151381.45,178795.48,2575.0
136386.53,177471.66,202695.67,147933.92,165946.17,2576.0
159342.3,244449.38,245125.84,185033.31,221483.72,2577.0
96068.01,115950.38,101542.14,98474.17,106843.13,2578.0
100952.164,115866.875,105533.805,102861.016,103105.27,2579.0
146503.95,208202.22,208908.95,157585.83,182121.92,2580.0
161797.42,209656.1,238996.95,207381.48,213118.36,2581.0
121676.7,161062.23,151940.19,124413.2,141455.88,2582.0
194238.56,247945.12,314866.03,269314.22,307597.78,2583.0
154808.03,232275.4,223535.12,163616.55,192715.69,2584.0
186910.39,309518.94,296749.8,238649.7,244630.06,2585.0
190833.69,325554.88,326507.0,224115.42,285091.6,2586.0
172793.36,296572.5,281449.6,220670.86,234368.39,2587.0
132485.39,180793.05,182473.89,142033.39,157980.66,2588.0
142552.14,196362.53,203069.67,160149.95,184495.11,2589.0
182504.33,223268.4,273944.78,251730.86,227524.27,2590.0
200041.36,301390.34,276485.78,230430.98,224310.17,2591.0
185719.77,229433.19,299126.9,243102.22,239008.86,2592.0
191149.69,255522.81,334513.6,265013.56,256385.86,2593.0
158834.05,246894.77,239343.44,197225.67,206429.77,2594.0
162795.08,210456.22,256427.48,215937.89,214591.62,2595.0
283241.84,392881.7,372482.03,288849.66,378468.94,2596.0
180095.1,223868.25,279644.44,235676.64,230436.05,2597.0
232832.89,355159.12,374009.94,249205.7,330011.4,2598.0
260170.27,378803.06,332746.22,268552.03,288260.16,2599.0
245990.8,291231.94,286090.22,261852.58,242660.95,2600.0
127114.71,186083.4,210297.9,156729.25,168870.02,2601.0
99336.805,137869.17,143336.3,104518.664,131986.42,2602.0
101643.836,146003.47,150209.7,108173.28,142311.83,2603.0
95667.305,132137.33,137016.3,101509.375,124012.555,2604.0
101015.695,139920.67,146852.86,107897.43,132342.73,2605.0
150726.52,207567.19,221400.05,187290.48,198789.39,2606.0
203796.34,323519.5,264382.97,232533.19,252069.61,2607.0
229080.12,276345.12,287220.78,236471.02,249060.92,2608.0
161490.27,203420.1,245338.31,195232.05,231480.45,2609.0
114353.46,151564.03,135743.55,116451.15,127717.37,2610.0
209278.7,250788.5,263436.78,212752.05,228317.39,2611.0
155027.17,250869.78,237913.81,180288.86,204969.55,2612.0
138368.45,183650.42,170824.86,140262.6,153694.1,2613.0
135313.69,185009.84,172455.05,139418.33,154653.27,2614.0
154735.61,223642.7,215056.53,166444.92,192619.86,2615.0
144780.14,204329.4,180448.8,151489.58,177628.2,2616.0
238457.05,346646.7,336369.34,251488.27,275554.47,2617.0
242621.3,286615.12,290642.03,260135.77,266554.72,2618.0
218765.17,324190.6,323899.22,238042.3,259999.64,2619.0
162915.17,213338.81,266734.8,202669.39,228232.14,2620.0
167526.53,249998.27,286167.22,197515.42,217053.25,2621.0
173720.52,268939.0,279935.28,210314.8,228453.39,2622.0
215233.98,322719.06,346260.53,225988.39,262634.22,2623.0
277085.47,387707.44,306157.66,237401.89,250791.33,2624.0
291064.78,401538.6,319097.03,273676.1,300082.03,2625.0
147708.78,203384.03,234363.39,191902.83,197902.39,2626.0
137629.3,184309.6,212164.94,156899.88,186997.66,2627.0
332669.28,426597.12,353695.6,324563.94,430693.0,2628.0
370412.16,448055.53,372580.78,346616.34,454901.22,2629.0
250580.52,365907.25,376927.66,257571.45,335796.7,2630.0
351517.53,444324.12,368045.9,337334.06,450826.28,2631.0
319309.16,413324.62,343247.78,319759.6,394761.34,2632.0
205688.73,255497.1,327074.38,268859.8,254828.5,2633.0
322170.16,427167.9,349180.16,322791.47,412971.97,2634.0
152974.33,242105.44,223018.83,175332.7,200946.53,2635.0
184415.1,281027.97,287662.66,217782.53,239759.23,2636.0
158658.22,258054.53,232880.06,195271.48,211968.77,2637.0
216933.33,341568.06,346418.34,267003.75,331319.7,2638.0
165688.67,269262.84,273787.78,201428.38,237572.83,2639.0
154649.39,239023.97,222436.23,182447.83,202437.73,2640.0
125589.18,175350.28,178437.48,138838.61,158165.58,2641.0
182792.83,234348.69,288932.03,233037.16,240323.86,2642.0
112173.055,156784.78,163525.8,124766.234,153683.77,2643.0
121919.27,168866.38,192219.12,147470.05,172670.73,2644.0
101401.336,142782.25,144912.67,108233.336,137294.55,2645.0
98870.945,139764.0,137053.14,105287.28,133854.56,2646.0
108002.586,152126.53,160744.14,116276.92,149942.36,2647.0
127838.98,183443.97,201252.42,163485.75,185036.7,2648.0
133429.0,176801.6,183641.31,141996.0,160753.2,2649.0
112175.9,158720.27,169612.3,134272.95,152536.73,2650.0
127308.23,170981.9,197423.61,159341.05,175841.0,2651.0
337303.9,429220.5,354483.7,325694.1,430313.7,2652.0
231243.33,352353.06,281376.6,277589.9,272927.9,2653.0
234713.7,357570.94,354532.03,259859.97,274197.53,2654.0
333991.9,428388.75,337736.47,317660.72,432647.12,2655.0
249742.55,364380.22,279811.22,230634.36,325900.4,2656.0
244678.52,365896.06,373409.53,281888.6,347594.78,2657.0
237559.7,351733.7,357726.47,242474.61,227793.64,2658.0
231086.89,347465.44,365379.78,264424.9,298821.8,2659.0
276432.53,386364.88,384826.8,282506.75,367685.22,2660.0
291000.78,400425.56,300856.72,221977.11,371460.5,2661.0
291256.1,404476.3,316734.16,298912.97,384031.34,2662.0
250594.14,368791.62,356411.03,248444.98,337315.1,2663.0
194957.08,236098.31,299119.28,259069.86,241961.77,2664.0
242937.45,272088.12,348687.53,303598.72,273522.94,2665.0
206531.02,249555.08,318911.2,276418.53,256087.55,2666.0
152504.48,233941.9,250034.73,184353.58,201410.33,2667.0
156189.19,243062.83,258854.83,192172.14,208193.94,2668.0
162696.08,264332.75,274169.8,204682.55,212105.75,2669.0
234098.39,349389.2,369768.66,254675.45,309569.22,2670.0
155522.39,243842.95,259305.94,195498.55,205613.2,2671.0
145525.9,197211.08,240548.33,196458.97,200562.67,2672.0
163539.28,210632.03,260661.27,226668.52,216271.38,2673.0
163686.98,212504.75,263845.66,228323.89,217333.95,2674.0
129527.77,182477.16,216237.28,170947.95,182636.42,2675.0
163078.73,255121.0,269275.78,203464.77,216873.8,2676.0
175415.78,284745.75,292277.94,219925.86,261458.83,2677.0
229431.55,345815.94,367509.2,241996.14,278989.3,2678.0
224171.14,344562.3,341724.97,273288.9,329965.34,2679.0
229889.48,350092.06,353175.97,277360.7,329744.75,2680.0
318613.44,402664.66,410385.53,330948.62,426060.9,2681.0
282952.38,385859.62,392466.2,298529.97,383487.0,2682.0
403672.97,476821.7,391046.9,366330.34,514750.03,2683.0
269361.12,376689.2,383758.8,295269.53,363411.5,2684.0
270083.72,393694.25,325460.25,235843.83,379357.78,2685.0
225116.03,339057.56,357232.22,241516.11,265215.62,2686.0
268754.0,384711.03,303325.97,279534.34,368341.38,2687.0
174240.12,296321.94,303827.4,224820.16,233945.36,2688.0
164310.14,263371.56,264401.66,214554.61,216763.14,2689.0
352485.84,433958.62,339821.34,303457.84,455754.28,2690.0
176247.27,272204.47,282398.66,221916.44,225201.67,2691.0
130534.49,177232.0,194746.25,143673.0,159303.25,2692.0
177243.73,297405.97,300198.16,226890.56,235867.72,2693.0
144743.39,191309.56,208071.98,155315.78,155314.7,2694.0
173359.3,217395.0,280528.38,220909.73,222711.0,2695.0
161536.89,208363.0,264078.34,204582.44,210708.9,2696.0
198536.44,296720.1,300081.2,243222.34,242018.33,2697.0
163145.88,246211.44,297387.78,215173.33,224320.55,2698.0
171300.64,220278.16,265602.53,222388.66,221624.14,2699.0
150157.06,201976.19,232919.27,195089.98,201638.2,2700.0
146761.72,223608.88,230780.81,174310.97,192076.48,2701.0
141876.1,201813.44,183862.84,155847.17,177363.67,2702.0
132256.08,182832.75,188408.92,138213.05,149430.77,2703.0
145859.81,223697.66,212337.33,159491.45,188381.66,2704.0
134808.55,181293.12,165287.5,138614.34,156410.23,2705.0
129111.414,172455.95,166084.55,136308.34,151181.53,2706.0
137721.23,183952.66,179280.55,145734.95,172470.22,2707.0
147803.12,188617.83,179378.16,151154.14,160568.3,2708.0
120319.04,154559.38,139400.73,123630.86,132225.25,2709.0
131932.36,174449.16,162726.78,136168.73,152519.11,2710.0
333996.22,422772.44,326249.7,306017.12,367576.6,2711.0
319683.72,409796.7,390252.25,304344.16,430892.56,2712.0
145155.19,194501.81,231321.31,181472.23,198395.02,2713.0
117853.6,169759.08,199497.55,146089.45,170670.64,2714.0
141867.86,193688.27,238567.61,181090.23,198781.7,2715.0
120531.78,175593.73,198982.89,147823.73,169824.77,2716.0
169114.64,260523.31,271148.62,209854.86,235973.2,2717.0
197233.36,230700.16,293861.22,251222.27,241255.7,2718.0
166729.58,268133.94,261051.39,179437.08,216039.67,2719.0
163139.56,258039.22,241552.77,204378.83,220710.89,2720.0
143679.77,212213.19,193753.7,152391.98,182048.64,2721.0
169967.7,261171.4,272903.06,213284.95,255639.61,2722.0
143232.52,223183.89,203854.52,157344.11,185513.77,2723.0
130339.164,174311.53,161187.23,134200.38,149241.02,2724.0
142439.9,201132.22,184719.16,147496.53,173250.84,2725.0
151296.08,235041.94,224141.95,181353.45,199286.72,2726.0
151073.69,206777.58,238550.52,169865.45,199878.2,2727.0
151582.67,223081.84,228279.22,165789.55,190912.84,2728.0
145944.83,202649.31,203673.64,151107.83,186012.97,2729.0
150453.84,214423.98,197447.36,160332.8,181281.14,2730.0
124770.29,155045.03,131651.83,123789.85,135393.33,2731.0
133920.39,163631.36,147503.95,134764.3,143938.03,2732.0
154867.66,241569.84,229706.44,177673.2,205801.89,2733.0
155529.11,210286.23,215221.88,165348.7,188881.55,2734.0
142816.92,198635.25,175744.2,147344.17,168942.83,2735.0
149685.22,204993.25,210920.69,157928.67,185467.73,2736.0
130070.086,162182.3,145440.11,131190.56,144235.92,2737.0
169925.11,261770.44,249073.39,212135.5,218145.02,2738.0
160893.23,241834.98,234827.3,171182.61,200444.3,2739.0
141088.05,194539.0,177288.08,150889.2,170008.45,2740.0
145954.05,190608.17,199625.05,159962.3,184071.02,2741.0
156831.61,233361.31,215882.86,192509.27,200262.11,2742.0
151556.11,228700.66,214860.25,167077.98,192548.95,2743.0
149807.08,223844.38,212134.83,158426.78,194009.55,2744.0
136028.98,184148.75,185439.61,147414.98,163258.86,2745.0
148646.52,197452.06,189542.28,153000.2,165118.12,2746.0
135369.8,171185.25,159683.08,140542.45,145986.05,2747.0
125114.56,171009.25,158896.83,129272.14,144884.64,2748.0
143044.25,190506.56,170921.33,146199.7,168890.8,2749.0
146212.58,172948.33,188792.48,145483.14,149177.08,2750.0
149533.73,183316.44,173623.52,146047.17,157986.36,2751.0
195489.66,245939.44,244273.92,196463.2,200760.67,2752.0
173226.53,286665.66,303672.28,196918.2,235524.08,2753.0
408043.53,452496.38,370890.03,346790.16,480962.03,2754.0
144821.17,182408.94,188436.02,150834.8,176820.7,2755.0
122203.54,151265.83,132003.8,117617.55,134181.97,2756.0
130789.71,162627.78,137583.88,124563.5,146120.27,2757.0
102625.32,124874.63,109427.62,101566.83,113179.99,2758.0
140848.12,180377.34,190320.42,147650.36,180350.61,2759.0
173694.22,231972.9,229463.61,189509.73,216451.7,2760.0
151316.2,222981.56,201756.83,162490.77,190188.83,2761.0
149761.52,224239.83,215393.73,167649.42,192156.14,2762.0
179698.16,299930.25,297372.66,217240.7,240192.7,2763.0
134928.11,169624.1,162075.23,135047.73,144119.58,2764.0
255427.19,366540.88,313381.88,285770.78,322886.6,2765.0
163170.81,224452.23,226367.47,170537.52,204019.14,2766.0
107362.43,134184.06,118425.555,104399.87,116368.73,2767.0
146902.55,213907.72,203839.67,169838.23,179258.97,2768.0
135874.22,181038.89,184867.77,147981.89,170741.89,2769.0
137302.3,185832.73,187155.38,149767.08,173462.45,2770.0
122147.805,162004.16,148064.11,126035.41,139565.17,2771.0
127069.24,170584.5,160372.31,132820.19,143823.64,2772.0
164872.0,227745.75,228172.47,180766.4,207745.0,2773.0
154789.88,214777.28,206987.67,168143.84,194705.98,2774.0
138419.8,174733.2,189229.89,151284.17,170535.95,2775.0
145193.73,201171.47,194270.52,150488.58,176493.23,2776.0
141545.83,183092.84,194971.95,156171.33,180926.14,2777.0
104905.4,131041.07,119211.23,104824.11,118605.82,2778.0
169765.81,192945.19,228790.52,198713.45,210773.2,2779.0
126704.54,161724.4,143440.8,128391.47,142653.45,2780.0
110009.1,131872.3,114994.305,108751.13,120175.82,2781.0
117823.01,153405.66,133283.45,119021.06,132506.27,2782.0
129970.18,156642.66,147612.95,127623.89,147186.39,2783.0
129863.87,179553.72,171259.4,144335.17,170314.17,2784.0
136519.72,174061.06,182618.39,144533.44,174706.55,2785.0
97261.18,120505.54,102749.836,97408.39,108537.72,2786.0
136483.52,172825.16,160336.22,136855.94,154782.02,2787.0
111209.79,135830.12,115964.13,110217.92,119657.695,2788.0
193120.73,212680.53,260012.94,227880.52,228289.9,2789.0
112790.88,138840.58,133399.53,113571.29,128021.234,2790.0
140065.6,158437.27,169280.7,140238.81,141871.92,2791.0
108616.97,134080.75,119974.52,110191.45,119567.57,2792.0
157747.98,210602.62,227291.3,167573.67,188288.17,2793.0
120894.93,149633.28,139096.98,117072.74,136278.31,2794.0
122100.586,153668.58,154076.52,122090.625,141155.08,2795.0
124470.79,143109.14,129015.1,120129.42,127470.414,2796.0
248215.0,302495.56,303725.56,247954.8,268109.75,2797.0
143613.08,174874.95,166167.8,142156.8,165455.08,2798.0
127634.66,170372.25,177675.98,130567.555,155354.4,2799.0
106414.74,130519.68,114788.15,104607.73,113340.266,2800.0
123442.12,150982.23,130656.87,122349.734,135023.58,2801.0
148849.89,187715.19,182345.89,152748.33,162029.25,2802.0
221584.23,327094.2,327667.8,242819.42,260850.86,2803.0
152617.33,177569.28,176990.64,155428.55,148993.83,2804.0
100100.77,125304.07,110955.85,100196.38,108576.914,2805.0
110536.516,137867.69,119798.48,110964.9,121100.555,2806.0
127775.375,185260.17,216129.98,152226.8,177588.66,2807.0
157790.8,238119.34,214266.1,172069.86,201537.53,2808.0
137669.61,175107.92,166644.03,140464.27,151791.55,2809.0
139099.4,184528.72,182287.97,146221.53,170938.8,2810.0
156961.75,209054.48,250403.52,193943.52,204510.58,2811.0
144770.64,199633.61,215435.27,187639.9,196787.3,2812.0
217015.36,330336.12,330166.9,254554.66,259365.17,2813.0
212474.53,246616.81,315618.06,263946.0,260100.55,2814.0
143857.98,162522.66,152094.39,138531.73,138649.36,2815.0
206960.17,310382.0,277453.3,252131.33,283616.47,2816.0
150797.11,196821.38,212684.17,157036.14,173076.45,2817.0
138045.05,194009.86,174182.22,142874.02,166005.86,2818.0
120683.38,168847.44,195528.92,144042.98,176033.61,2819.0
149939.3,222790.22,202241.36,158396.06,188598.16,2820.0
125795.88,157563.22,149579.39,124623.83,143223.3,2821.0
197200.05,250955.42,240103.2,200928.84,220589.03,2822.0
420995.66,465347.06,386838.9,358564.25,489399.53,2823.0
191345.36,313899.53,326128.22,222788.89,270501.78,2824.0
144764.95,207542.47,208280.08,151953.11,164532.61,2825.0
140035.9,187122.69,177040.61,146153.11,158604.84,2826.0
152022.7,213383.12,210676.95,162331.58,189853.86,2827.0
233106.73,350862.5,365469.47,240436.02,332698.62,2828.0
175748.7,237653.12,299782.66,235680.86,240418.53,2829.0
220878.27,338834.75,350477.06,257962.5,267289.9,2830.0
163276.36,213732.66,257947.02,214532.64,217242.6,2831.0
227358.95,366576.47,208901.67,227323.19,320697.0,2832.0
226260.39,354992.16,351640.5,258637.48,261675.11,2833.0
190373.77,301762.3,314642.25,227785.58,247785.05,2834.0
191619.89,311604.94,309664.5,245959.14,245449.36,2835.0
179578.83,284944.06,289903.53,225298.88,234678.12,2836.0
167422.14,263394.97,260541.73,196012.88,218207.44,2837.0
154175.42,226403.12,236842.05,165106.08,184261.17,2838.0
169350.6,260489.9,280231.38,186059.23,222519.89,2839.0
182183.92,230109.7,286811.78,232780.84,237481.39,2840.0
176869.55,282670.62,289681.47,217167.06,250966.38,2841.0
206248.48,320280.44,340420.34,214893.14,290934.34,2842.0
145246.02,192839.31,219323.81,156820.58,187492.92,2843.0
158545.67,255947.86,246037.48,187641.45,212591.05,2844.0
122270.664,164506.06,154567.39,127344.58,140078.98,2845.0
187131.3,301152.47,303832.1,228077.9,267348.34,2846.0
180050.23,289526.75,294958.97,220339.02,267556.6,2847.0
167868.06,288911.88,283263.1,213563.69,229821.3,2848.0
182146.23,283942.94,293345.03,225218.52,231236.45,2849.0
232042.73,353071.3,362980.16,266999.16,337706.6,2850.0
209595.94,293786.8,277173.38,238259.39,252352.64,2851.0
207308.52,327925.3,339863.3,238426.88,301375.84,2852.0
210865.8,328044.94,339631.6,240291.83,304014.78,2853.0
120978.45,180050.4,189875.67,146526.95,172334.08,2854.0
173434.31,228214.08,282859.3,225751.84,232240.86,2855.0
177744.33,277190.22,287178.16,221740.3,228059.55,2856.0
169040.88,262518.78,274506.22,210057.02,219992.06,2857.0
168198.77,225647.47,277698.28,219442.89,228155.95,2858.0
143746.7,197639.14,208928.72,154962.11,177951.55,2859.0
128229.57,172983.66,164065.14,135987.16,146037.2,2860.0
165280.33,226293.72,202320.17,176040.39,184912.22,2861.0
179085.22,218615.22,282148.5,225784.17,198470.61,2862.0
121763.18,166374.0,170411.66,130353.58,136544.86,2863.0
224709.47,339912.75,360609.12,253614.98,274156.4,2864.0
116671.3,176948.94,191967.75,142499.06,169539.89,2865.0
145928.2,189165.28,239328.61,183083.1,197591.89,2866.0
115115.01,144472.81,129135.65,114204.81,125868.23,2867.0
136838.67,172202.75,164615.67,136659.08,163546.95,2868.0
149745.95,190356.81,183677.61,153646.86,180127.2,2869.0
169633.11,236061.9,209313.17,181601.77,187486.77,2870.0
111055.69,131439.0,120428.89,108235.25,121853.266,2871.0
96301.27,119552.46,99805.09,95525.1,104042.03,2872.0
137071.39,163453.03,147286.45,134544.03,142239.8,2873.0
153410.73,210852.64,197344.19,157999.98,182228.67,2874.0
135486.88,179322.45,181406.02,146230.98,172131.05,2875.0
138280.95,179419.75,194521.67,148090.2,172937.11,2876.0
123181.23,154894.38,152945.48,125015.81,152413.69,2877.0
142944.45,171271.2,167829.89,140960.38,165081.48,2878.0
151654.44,206100.22,197350.83,156101.67,184573.8,2879.0
127189.88,161739.66,158433.94,129963.88,152559.62,2880.0
169573.78,192325.97,195258.2,164955.77,169835.22,2881.0
163744.47,229221.64,235975.64,174933.64,198011.86,2882.0
161778.83,201677.16,226832.48,193011.73,202413.8,2883.0
160899.42,225863.5,233548.58,174082.73,198503.39,2884.0
162980.62,206941.25,216378.08,170214.3,181128.17,2885.0
225078.42,319586.5,272241.78,259017.2,299210.34,2886.0
125028.695,155864.31,137062.42,124966.64,135501.44,2887.0
137430.98,174366.25,170772.47,140843.23,168210.58,2888.0
96216.83,121731.03,103836.68,97864.36,104211.68,2889.0
106200.8,127212.98,110754.92,103273.81,114233.48,2890.0
158310.72,224615.66,226266.64,188344.98,201098.45,2891.0
102086.39,118230.32,108392.23,105654.54,102112.92,2892.0
126365.305,157873.12,151055.12,128705.09,137418.42,2893.0
100214.93,125255.336,110133.73,100496.01,109041.71,2894.0
200296.45,253184.83,324379.28,275894.44,320093.94,2895.0
192394.98,241038.9,304323.84,266902.25,240493.8,2896.0
210554.7,296312.22,275691.03,227020.48,236820.38,2897.0
186069.16,279979.06,274650.47,233301.11,234388.03,2898.0
177058.48,285411.7,283699.53,227197.89,229780.98,2899.0
157990.77,248806.73,230728.17,190586.53,205142.58,2900.0
269882.97,316326.94,307340.16,297831.97,274686.78,2901.0
174018.61,228006.62,284871.03,229649.11,225998.86,2902.0
265493.72,387961.9,296700.03,234177.06,348829.16,2903.0
275656.3,387215.7,375397.47,284703.84,369342.2,2904.0
177795.92,213409.42,212454.89,192890.5,181432.6,2905.0
187479.52,234894.06,286008.16,247242.4,272970.16,2906.0
106097.945,148263.7,157882.45,113159.2,141158.61,2907.0
134342.95,183503.06,173365.86,138814.77,155856.75,2908.0
214743.89,319668.38,321680.28,236329.31,255660.52,2909.0
82574.33,115185.836,100377.73,91559.69,102281.43,2910.0
99185.15,137360.1,142936.19,104194.7,131539.4,2911.0
157811.64,219967.6,242504.28,173589.08,181923.73,2912.0
100685.1,140408.1,144856.7,105000.695,135561.62,2913.0
91809.26,124521.29,127596.84,97143.72,109118.82,2914.0
93157.21,125849.43,128566.48,98253.0,109651.55,2915.0
101882.64,140954.64,145057.89,106789.42,135464.16,2916.0
187845.62,276074.7,248564.42,203849.08,211238.67,2917.0
132000.0,165281.28,170449.92,136940.78,141398.2,2918.0
205438.48,321157.88,320338.03,247021.47,300093.28,2919.0
